label,filename,filepath,file_size,filename_length,extension_count,has_double_extension,has_uppercase_extension,has_unicode_control_char,special_char_ratio,extension_category,is_executable_extension,is_script_extension,is_macro_document,is_archive_extension,is_unknown_extension,magic_bytes_known,magic_bytes_valid,extension_mime_mismatch,claimed_mime_mismatch,embedded_file_signature_count,byte_entropy,header_entropy,printable_ratio,null_byte_ratio,unique_byte_count,url_count,ip_address_count,base64_candidate_count,suspicious_command_count,execution_api_count,network_api_count,obfuscation_pattern_count,suspicious_string_count,archive_entry_count,executable_entry_count,script_entry_count,archive_depth,compression_ratio,archive_bomb_suspected
benign,00eea85752664955047caad7d6280bc7bf1ab91c61eb9a2542c26b747a12e963.exe,data\raw\benign\00eea85752664955047caad7d6280bc7bf1ab91c61eb9a2542c26b747a12e963.exe,38400,68,1,0,0,0,0.014705882352941176,executable,1,0,0,0,0,1,1,0,,9,5.8243819996080575,5.303305046158989,0.39403645833333334,0.27979166666666666,256,0,0,0,0,0,0,0,0,0,0,0,0,0.0,0
benign,01a38ae91ae28ca9dcc89790292ad106a3f5bf8c16318b7ac9c1e7ab4ca628d4.exe,data\raw\benign\01a38ae91ae28ca9dcc89790292ad106a3f5bf8c16318b7ac9c1e7ab4ca628d4.exe,308271,68,1,0,0,0,0.014705882352941176,executable,1,0,0,0,0,1,1,0,,24,7.983542726366662,6.359161522369793,0.3602285002481583,0.012956132753324185,256,0,0,0,0,0,0,0,0,0,0,0,0,0.0,0
benign,0a2027ea20fd995fd41fbe1a6e6a361dbdc09a83741f1d9e928eddf50030c6b3.exe,data\raw\benign\0a2027ea20fd995fd41fbe1a6e6a361dbdc09a83741f1d9e928eddf50030c6b3.exe,166048,68,1,0,0,0,0.014705882352941176,executable,1,0,0,0,0,1,1,0,,0,5.889641938959932,5.005795265889311,0.491062825207169,0.23452254769705144,256,8,3,1,0,0,0,1,1,0,0,0,0,0.0,0
benign,0a464a3765ffc0c23cf47345bf1185426af8e6b5711e015ca18027afcac2f2e0.exe,data\raw\benign\0a464a3765ffc0c23cf47345bf1185426af8e6b5711e015ca18027afcac2f2e0.exe,384280,68,1,0,0,0,0.014705882352941176,executable,1,0,0,0,0,1,1,0,,11,6.058706599383555,5.6737626753564285,0.2781435411678984,0.221890288331425,256,10,2,0,0,0,0,0,0,0,0,0,0,0.0,0
benign,0a8deb24eef193e13c691190758c349776eab1cd65fba7b5dae77c7ee9fcc906.exe,data\raw\benign\0a8deb24eef193e13c691190758c349776eab1cd65fba7b5dae77c7ee9fcc906.exe,117760,68,1,0,0,0,0.014705882352941176,executable,1,0,0,0,0,1,1,0,,10,6.097660890648286,5.3775463205217955,0.3720108695652174,0.1927139945652174,256,0,0,0,0,0,0,0,0,0,0,0,0,0.0,0
benign,0b65c9b63092c96fc737ef39a1f05e437d5bbe57f0ca2bc634a14a34a92ebcb4.exe,data\raw\benign\0b65c9b63092c96fc737ef39a1f05e437d5bbe57f0ca2bc634a14a34a92ebcb4.exe,63448,68,1,0,0,0,0.014705882352941176,executable,1,0,0,0,0,1,1,0,,9,6.055306722444391,5.364752540714573,0.3970810742655403,0.2817110074391628,256,20,1,0,0,0,0,0,0,0,0,0,0,0.0,0
benign,0b832ebbd0d324e28292d883ad532fd64a344c82360cf7fa052b4028559b4427.exe,data\raw\benign\0b832ebbd0d324e28292d883ad532fd64a344c82360cf7fa052b4028559b4427.exe,78848,68,1,0,0,0,0.014705882352941176,executable,1,0,0,0,0,1,1,0,,3,6.187968044129996,3.6841105403509706,0.2627714082792208,0.1891106939935065,256,0,1,0,0,0,0,0,0,0,0,0,0,0.0,0
benign,0be00b72a65e558aa92a4f197663f3496b2a3ceaa5f77bafe309727141ad77af.exe,data\raw\benign\0be00b72a65e558aa92a4f197663f3496b2a3ceaa5f77bafe309727141ad77af.exe,47744,68,1,0,0,0,0.014705882352941176,executable,1,0,0,0,0,1,1,0,,9,6.021221874586258,5.2207776922704525,0.400762399463807,0.29094755361930297,256,20,1,0,0,0,0,0,0,0,0,0,0,0.0,0
benign,0bf9cfc88d56b52982655b56d577f69d2ee4b136908684015001c52c64f0a84b.exe,data\raw\benign\0bf9cfc88d56b52982655b56d577f69d2ee4b136908684015001c52c64f0a84b.exe,58552,68,1,0,0,0,0.014705882352941176,executable,1,0,0,0,0,1,1,0,,2,6.518486535536848,5.041665785627033,0.34886938106298676,0.19908799016259052,256,12,0,0,0,0,0,0,0,0,0,0,0,0.0,0
benign,0c1134c20c7f2a20eeda30f998c5e70336e56fa1fde05434028d97f3eeb31c33.exe,data\raw\benign\0c1134c20c7f2a20eeda30f998c5e70336e56fa1fde05434028d97f3eeb31c33.exe,235464,68,1,0,0,0,0.014705882352941176,executable,1,0,0,0,0,1,1,0,,2,6.290336883212071,4.535274021861973,0.36953419631026396,0.244534196310264,256,16,1,3,0,0,0,3,3,0,0,0,0,0.0,0
benign,0c8af4bbf3e29c4ab7dd8372725a931985b669d15b82615ab05838ed348bf558.exe,data\raw\benign\0c8af4bbf3e29c4ab7dd8372725a931985b669d15b82615ab05838ed348bf558.exe,205824,68,1,0,0,0,0.014705882352941176,executable,1,0,0,0,0,1,1,0,,9,5.722149394029106,5.152626904738882,0.3107509328358209,0.2416384872512438,256,0,0,0,0,0,0,0,0,0,0,0,0,0.0,0
benign,0c9baed0badb2431a9b173609d3990ccbba7cba4455ba0e8ebe6267d8b4ae3ef.exe,data\raw\benign\0c9baed0badb2431a9b173609d3990ccbba7cba4455ba0e8ebe6267d8b4ae3ef.exe,1132320,68,1,0,0,0,0.014705882352941176,executable,1,0,0,0,0,1,1,0,,5,6.3643448973668315,5.055997391697823,0.34972181008902076,0.17297848664688428,256,8,0,0,0,0,2,0,2,0,0,0,0,0.0,0
benign,0cc6ad38534c09c71a7f9366d9561d48aef9616a643466707969714c7595fd57.ole,data\raw\benign\0cc6ad38534c09c71a7f9366d9561d48aef9616a643466707969714c7595fd57.ole,41311,68,0,0,0,0,0.014705882352941176,unknown,0,0,0,0,1,1,0,0,,22,7.722885630554934,6.2211540940129,0.3461305705502167,0.08496526348914332,256,0,0,0,0,0,0,0,0,0,0,0,0,0.0,0
benign,0d23b6f46e848a65911518e6658488070a7462cd605cfc3737a6bb1ef71cceac.exe,data\raw\benign\0d23b6f46e848a65911518e6658488070a7462cd605cfc3737a6bb1ef71cceac.exe,49328,68,1,0,0,0,0.014705882352941176,executable,1,0,0,0,0,1,1,0,,9,6.030521802531463,5.309620764428214,0.4030368147907882,0.28865958481998055,256,20,1,0,0,0,0,0,0,0,0,0,0,0.0,0
benign,0d8d47b0b0bf9291e01f426782ba721d5be30ea9b2547f315c7ca48c367b2aa9.exe,data\raw\benign\0d8d47b0b0bf9291e01f426782ba721d5be30ea9b2547f315c7ca48c367b2aa9.exe,394200,68,1,0,0,0,0.014705882352941176,executable,1,0,0,0,0,1,1,0,,2,6.611530120380664,5.527172378855762,0.33619989852866566,0.1663216641298833,256,30,0,1,1,0,0,1,2,0,0,0,0,0.0,0
benign,0db49b91804cdc30b301e0cb42ac19b1db4d13467bbd66444abfcdac2da4f6b6.exe,data\raw\benign\0db49b91804cdc30b301e0cb42ac19b1db4d13467bbd66444abfcdac2da4f6b6.exe,182736,68,1,0,0,0,0.014705882352941176,executable,1,0,0,0,0,1,1,0,,2,6.37558059418826,5.746342705678502,0.3233571928902898,0.20891340513089923,256,8,0,1,0,0,0,1,1,0,0,0,0,0.0,0
benign,0db5da86ba2b75cb6ab496c8a7b37182c139b930aa0a8d8e8d2b37b1ac4b7a2c.ole,data\raw\benign\0db5da86ba2b75cb6ab496c8a7b37182c139b930aa0a8d8e8d2b37b1ac4b7a2c.ole,25105,68,0,0,0,0,0.014705882352941176,unknown,0,0,0,0,1,1,0,0,,15,7.632257270394763,6.150590978462732,0.34949213304122684,0.10193188607847042,256,0,0,0,0,0,0,0,0,0,0,0,0,0.0,0
benign,0dfd9b9733913d7e1fc1ca19798b9ed57c2d4138ae5fa1ad9c6e12f1dee7062c.exe,data\raw\benign\0dfd9b9733913d7e1fc1ca19798b9ed57c2d4138ae5fa1ad9c6e12f1dee7062c.exe,21504,68,1,0,0,0,0.014705882352941176,executable,1,0,0,0,0,1,1,0,,9,5.176639995654751,5.048776967828104,0.29636346726190477,0.3929036458333333,256,0,0,0,0,0,0,0,0,0,0,0,0,0.0,0
benign,0e3de1806def011049d011b07a3a012cecce53cac8ff49f52ecf6db96aa0dcdc.exe,data\raw\benign\0e3de1806def011049d011b07a3a012cecce53cac8ff49f52ecf6db96aa0dcdc.exe,132096,68,1,0,0,0,0.014705882352941176,executable,1,0,0,0,0,1,1,0,,4,5.245603336614157,5.182998793901754,0.15118550145348839,0.26646529796511625,256,0,2,0,0,0,0,0,0,0,0,0,0,0.0,0
benign,0e69c9e8e2447ea2c355e3daa30c1697427fe40748a0daabf2d996ab254e89cf.exe,data\raw\benign\0e69c9e8e2447ea2c355e3daa30c1697427fe40748a0daabf2d996ab254e89cf.exe,67768,68,1,0,0,0,0.014705882352941176,executable,1,0,0,0,0,1,1,0,,9,5.964788745002186,5.1981170437720845,0.4035532994923858,0.29227659072128437,256,20,1,0,0,0,0,0,0,0,0,0,0,0.0,0
benign,0e73886d15f788471581cbf3864703206fd96eb79e4683ffa332463507fdcda4.exe,data\raw\benign\0e73886d15f788471581cbf3864703206fd96eb79e4683ffa332463507fdcda4.exe,52528,68,1,0,0,0,0.014705882352941176,executable,1,0,0,0,0,1,1,0,,9,6.141672582606748,5.471792819744913,0.391981419433445,0.2763097776424002,256,20,1,0,0,0,0,0,0,0,0,0,0,0.0,0
benign,0f4ecc7f67b6d098ba1dae6e2b9700caeb7a736054e6de1286835023d328decb.ole,data\raw\benign\0f4ecc7f67b6d098ba1dae6e2b9700caeb7a736054e6de1286835023d328decb.ole,2434079,68,0,0,0,0,0.014705882352941176,unknown,0,0,0,0,1,1,0,0,,178,7.9663942551268825,6.386413851043218,0.3624142848280602,0.016992874923122875,256,5,0,0,0,0,0,0,0,0,0,0,0,0.0,0
benign,0fbcedf08d9e262137afba702687b2de15822149e4a282b9249907134e5ef151.exe,data\raw\benign\0fbcedf08d9e262137afba702687b2de15822149e4a282b9249907134e5ef151.exe,46608,68,1,0,0,0,0.014705882352941176,executable,1,0,0,0,0,1,1,0,,9,6.040992322992448,5.23571335401361,0.4024630964641263,0.2879334019910745,256,20,1,0,0,0,0,0,0,0,0,0,0,0.0,0
benign,0fbe33fb688bc8b21db405ffc08f696f5eea215264952fb41027be527da384e7.exe,data\raw\benign\0fbe33fb688bc8b21db405ffc08f696f5eea215264952fb41027be527da384e7.exe,57344,68,1,0,0,0,0.014705882352941176,executable,1,0,0,0,0,1,1,0,,3,6.1343017197214875,4.490431276948611,0.34068080357142855,0.22560337611607142,256,0,1,0,0,0,0,0,0,0,0,0,0,0.0,0
benign,0fe87602f6f2a6dd5acf209eea81ec0555fe1e02d6f781299724238b4cb2e2c1.exe,data\raw\benign\0fe87602f6f2a6dd5acf209eea81ec0555fe1e02d6f781299724238b4cb2e2c1.exe,279552,68,1,0,0,0,0.014705882352941176,executable,1,0,0,0,0,1,1,0,,11,5.776297082835801,5.208343269180056,0.30316721039377287,0.21784855769230768,256,0,0,0,0,0,0,0,0,0,0,0,0,0.0,0
benign,0ff0a7429ebd5f19eac9fef4504d12c2b2b66a2b060de1c25d6e8fd08262f6d9.exe,data\raw\benign\0ff0a7429ebd5f19eac9fef4504d12c2b2b66a2b060de1c25d6e8fd08262f6d9.exe,30720,68,1,0,0,0,0.014705882352941176,executable,1,0,0,0,0,1,1,0,,4,5.441002230979997,5.179766318751423,0.3277994791666667,0.30543619791666665,256,0,0,0,0,0,0,0,0,0,0,0,0,0.0,0
benign,1a6955d26907b3c83f10ede259494ff2d68ab210e1090cb6806e05d1dca36869.exe,data\raw\benign\1a6955d26907b3c83f10ede259494ff2d68ab210e1090cb6806e05d1dca36869.exe,82944,68,1,0,0,0,0.014705882352941176,executable,1,0,0,0,0,1,1,0,,4,7.131553466722207,5.1768053540736885,0.2837938850308642,0.18082079475308643,256,1,2,0,0,0,0,0,0,0,0,0,0,0.0,0
benign,1a6b0ccc16974c3edd98687ece68beb45b75b8684719e764fd16b3c296acef39.exe,data\raw\benign\1a6b0ccc16974c3edd98687ece68beb45b75b8684719e764fd16b3c296acef39.exe,59960,68,1,0,0,0,0.014705882352941176,executable,1,0,0,0,0,1,1,0,,9,6.005410359504814,5.360512575338321,0.3960973982655103,0.29116077384923283,256,20,1,0,0,0,0,0,0,0,0,0,0,0.0,0
benign,1aa177b92c99b9458b270907d65d5687af48385fbbf42c3aef9b69d61d284721.exe,data\raw\benign\1aa177b92c99b9458b270907d65d5687af48385fbbf42c3aef9b69d61d284721.exe,758784,68,1,0,0,0,0.014705882352941176,executable,1,0,0,0,0,1,1,0,,7,6.503290787427448,5.775870751849758,0.45929276315789475,0.17494306680161945,256,0,2,0,0,0,0,0,0,0,0,0,0,0.0,0
benign,1accf6605bf18e60fb0bf11087a21417eddfb26e16d396dbca7658ec4d6e7c88.exe,data\raw\benign\1accf6605bf18e60fb0bf11087a21417eddfb26e16d396dbca7658ec4d6e7c88.exe,62464,68,1,0,0,0,0.014705882352941176,executable,1,0,0,0,0,1,1,0,,0,6.215402606757728,5.278513685390782,0.30294249487704916,0.19464011270491804,256,1,0,0,0,0,0,0,0,0,0,0,0,0.0,0
benign,1b399f61e57266427a5fceb4f3df6a337304832e24579c43385b59cfd660e068.exe,data\raw\benign\1b399f61e57266427a5fceb4f3df6a337304832e24579c43385b59cfd660e068.exe,151040,68,1,0,0,0,0.014705882352941176,executable,1,0,0,0,0,1,1,0,,0,6.521175646591507,5.691464951627218,0.296775688559322,0.1342425847457627,256,3,0,0,0,0,0,0,0,0,0,0,0,0.0,0
benign,1b62269bcbd95334003b4dd59476753e382ba164a1443f27edb4df0f55317753.exe,data\raw\benign\1b62269bcbd95334003b4dd59476753e382ba164a1443f27edb4df0f55317753.exe,31696,68,1,0,0,0,0.014705882352941176,executable,1,0,0,0,0,1,1,0,,1,6.614408357303483,5.184970564718857,0.5053003533568905,0.16957975769813224,256,17,2,2,0,0,0,2,2,0,0,0,0,0.0,0
benign,1b67441f080adf23da22736c557813d3bb459c915a1b84d8253b8e9599df2708.exe,data\raw\benign\1b67441f080adf23da22736c557813d3bb459c915a1b84d8253b8e9599df2708.exe,54272,68,1,0,0,0,0.014705882352941176,executable,1,0,0,0,0,1,1,0,,9,5.8714162593557715,5.385110653452851,0.3328788325471698,0.2791678950471698,256,1,0,1,1,0,0,1,2,0,0,0,0,0.0,0
benign,1b8342c0048e13b323224c48caa9aec2952f3a93ed732c85f160916475910675.exe,data\raw\benign\1b8342c0048e13b323224c48caa9aec2952f3a93ed732c85f160916475910675.exe,145328,68,1,0,0,0,0.014705882352941176,executable,1,0,0,0,0,1,1,0,,10,7.092070516053701,5.2204203103513835,0.32241550148629305,0.16448998128371684,256,19,2,0,0,0,0,0,0,0,0,0,0,0.0,0
benign,1c2fba06cc7e47dceb2a2670f6fcfbec90a24d053b9bb3715698202afdb03b97.exe,data\raw\benign\1c2fba06cc7e47dceb2a2670f6fcfbec90a24d053b9bb3715698202afdb03b97.exe,53816,68,1,0,0,0,0.014705882352941176,executable,1,0,0,0,0,1,1,0,,9,6.135627363335308,5.259949870317858,0.383138843466627,0.27817006094841684,256,20,1,0,0,0,0,0,0,0,0,0,0,0.0,0
benign,1c309be2afef0bcdba3f3df8a7649127b898987ddac6fb6c69b25fd617f421d9.exe,data\raw\benign\1c309be2afef0bcdba3f3df8a7649127b898987ddac6fb6c69b25fd617f421d9.exe,31728,68,1,0,0,0,0.014705882352941176,executable,1,0,0,0,0,1,1,0,,1,6.631690852994724,5.3609182215345585,0.5062405446293494,0.16556354009077157,256,16,4,2,0,0,0,2,2,0,0,0,0,0.0,0
benign,1c344888c75ef573d259b23a96f8e1869094ebab109ede37cb6a9d0cdc8d186e.exe,data\raw\benign\1c344888c75ef573d259b23a96f8e1869094ebab109ede37cb6a9d0cdc8d186e.exe,599232,68,1,0,0,0,0.014705882352941176,executable,1,0,0,0,0,1,1,0,,3,6.36609230640632,5.812200449827853,0.32814836323827834,0.21500186905906227,256,15,2,2,1,0,0,2,3,0,0,0,0,0.0,0
benign,1c639fbba837b57f28691e7f210a034dd1b55380a13649a64e47be55bb8308a0.exe,data\raw\benign\1c639fbba837b57f28691e7f210a034dd1b55380a13649a64e47be55bb8308a0.exe,34304,68,1,0,0,0,0.014705882352941176,executable,1,0,0,0,0,1,1,0,,3,5.771885528807674,5.869544437773422,0.335908348880597,0.2986532182835821,256,0,1,0,0,0,0,0,0,0,0,0,0,0.0,0
benign,1c7c07802af60cddfbe62ce037135297417517f3751729bd02ce65d50f4e715d.exe,data\raw\benign\1c7c07802af60cddfbe62ce037135297417517f3751729bd02ce65d50f4e715d.exe,411072,68,1,0,0,0,0.014705882352941176,executable,1,0,0,0,0,1,1,0,,6,6.237770975380689,5.123149501529251,0.3844095438268722,0.19509234392028646,256,26,0,0,0,0,0,0,0,0,0,0,0,0.0,0
benign,1d083467cb9fbd7d2b21fcd4f8f9cb0c36718d0a327052313f46a2a83bd715e2.exe,data\raw\benign\1d083467cb9fbd7d2b21fcd4f8f9cb0c36718d0a327052313f46a2a83bd715e2.exe,78936,68,1,0,0,0,0.014705882352941176,executable,1,0,0,0,0,1,1,0,,2,6.376983483608008,3.0784830978023776,0.3645738319651363,0.21384412688760515,256,18,0,1,0,0,0,1,1,0,0,0,0,0.0,0
benign,1d2b8e3bbfcd7546b402c2f379e40d850fd4eceaf20c45fdbfcba0b859e0a7fb.exe,data\raw\benign\1d2b8e3bbfcd7546b402c2f379e40d850fd4eceaf20c45fdbfcba0b859e0a7fb.exe,78848,68,1,0,0,0,0.014705882352941176,executable,1,0,0,0,0,1,1,0,,4,5.988201912958879,5.51220811937378,0.32943131087662336,0.2524223823051948,256,1,2,1,0,0,0,1,1,0,0,0,0,0.0,0
benign,1d2d450742e4ed4fb8486fd7e3892828dd97bbf63f0e23b0975725bdc18ce766.exe,data\raw\benign\1d2d450742e4ed4fb8486fd7e3892828dd97bbf63f0e23b0975725bdc18ce766.exe,58368,68,1,0,0,0,0.014705882352941176,executable,1,0,0,0,0,1,1,0,,4,6.146138793364512,5.415285286949041,0.23190789473684212,0.29132401315789475,256,1,2,0,0,0,0,0,0,0,0,0,0,0.0,0
benign,1d720ca43b54420dc297a0c40a4541017feb6bdc10765197867818d1810d21bf.exe,data\raw\benign\1d720ca43b54420dc297a0c40a4541017feb6bdc10765197867818d1810d21bf.exe,224448,68,1,0,0,0,0.014705882352941176,executable,1,0,0,0,0,1,1,0,,9,6.051339765885733,5.40649089515647,0.3745143641288851,0.2547850727117194,256,20,0,0,0,0,0,0,0,0,0,0,0,0.0,0
benign,1d9284fd7818d17f4aa4d07b6497735ed8522f9925b348a3fa5ba96a976a5927.exe,data\raw\benign\1d9284fd7818d17f4aa4d07b6497735ed8522f9925b348a3fa5ba96a976a5927.exe,57856,68,1,0,0,0,0.014705882352941176,executable,1,0,0,0,0,1,1,0,,4,6.099463045548836,3.8730676205917223,0.24977530420353983,0.24535052544247787,256,1,2,0,0,0,0,0,0,0,0,0,0,0.0,0
benign,1e171264f1310680b03bb9122633db660378bc411b28ae25c2bfab9f0f06da51.exe,data\raw\benign\1e171264f1310680b03bb9122633db660378bc411b28ae25c2bfab9f0f06da51.exe,69752,68,1,0,0,0,0.014705882352941176,executable,1,0,0,0,0,1,1,0,,9,6.090463233936504,5.5990874822867065,0.40067668310586074,0.275992086248423,256,20,1,0,0,0,0,0,0,0,0,0,0,0.0,0
benign,1e83c1a2f6f2b7080c7fefccff1fde4bb14aa8a57e851817c92a6f1c946ca17a.exe,data\raw\benign\1e83c1a2f6f2b7080c7fefccff1fde4bb14aa8a57e851817c92a6f1c946ca17a.exe,1858400,68,1,0,0,0,0.014705882352941176,executable,1,0,0,0,0,1,1,0,,19,6.082461697171627,2.80896177996886,0.15828346965131296,0.23111655187257857,256,5,1,1,0,0,0,1,1,0,0,0,0,0.0,0
benign,1f49ba3bc8f2f78a2d683c02b34023b61b3bf3464fc15b629dd30b184e49306b.exe,data\raw\benign\1f49ba3bc8f2f78a2d683c02b34023b61b3bf3464fc15b629dd30b184e49306b.exe,36864,68,1,0,0,0,0.014705882352941176,executable,1,0,0,0,0,1,1,0,,3,6.1434954274349325,4.140315537294255,0.3328721788194444,0.239013671875,256,0,1,0,0,0,0,0,0,0,0,0,0,0.0,0
benign,1f7a2d419df3b95ade7f400446abeefaf3c872e8e6033a7e6ac413b17addbaf4.exe,data\raw\benign\1f7a2d419df3b95ade7f400446abeefaf3c872e8e6033a7e6ac413b17addbaf4.exe,106496,68,1,0,0,0,0.014705882352941176,executable,1,0,0,0,0,1,1,0,,4,6.328949482986374,5.588009807552063,0.21754807692307693,0.2901611328125,256,0,0,0,0,0,0,0,0,0,0,0,0,0.0,0
benign,1f81d3b756ec1430f476a5ae7af7b360b4acd923d4baceb91be49ab6515459fc.exe,data\raw\benign\1f81d3b756ec1430f476a5ae7af7b360b4acd923d4baceb91be49ab6515459fc.exe,337776,68,1,0,0,0,0.014705882352941176,executable,1,0,0,0,0,1,1,0,,2,6.051963066706886,5.0343813728312075,0.33327708303727915,0.2293176543034437,256,12,2,1,0,0,0,1,1,0,0,0,0,0.0,0
benign,1fa3bb9680b457aa11bfed328171172a477813b281f78b43243f9dc3c6afdeba.exe,data\raw\benign\1fa3bb9680b457aa11bfed328171172a477813b281f78b43243f9dc3c6afdeba.exe,283136,68,1,0,0,0,0.014705882352941176,executable,1,0,0,0,0,1,1,0,,9,6.236461162409012,5.32057289161299,0.3748269382911392,0.20729260849909584,256,4,6,0,0,0,0,0,0,0,0,0,0,0.0,0
malware,000d1bab5fa789f2d3b120bccb5452c7c3fe52073bd88d7d651b27dc68eb5423.exe,data\raw\malware\000d1bab5fa789f2d3b120bccb5452c7c3fe52073bd88d7d651b27dc68eb5423.exe,208896,68,1,0,0,0,0.014705882352941176,executable,1,0,0,0,0,1,1,0,,1,6.387780070535898,0.9464571488240296,0.3086703431372549,0.2135943244485294,256,0,0,1,0,0,0,1,1,0,0,0,0,0.0,0
malware,000d6230792fefff601c0e5e87369196fdd5cfb484fdd87916a080d8b9ffc1c6.exe,data\raw\malware\000d6230792fefff601c0e5e87369196fdd5cfb484fdd87916a080d8b9ffc1c6.exe,390144,68,1,0,0,0,0.014705882352941176,executable,1,0,0,0,0,1,1,0,,8,7.843802479760118,4.5898964416366566,0.34507002542650916,0.05407490567585302,256,0,0,0,0,0,0,0,0,0,0,0,0,0.0,0
malware,000d7c0a7ef796e464de11a2488d918c73106f3ed67fa74aee98e048a3cfa570.ole,data\raw\malware\000d7c0a7ef796e464de11a2488d918c73106f3ed67fa74aee98e048a3cfa570.ole,609280,68,0,0,0,0,0.014705882352941176,unknown,0,0,0,0,1,0,0,0,,7,7.992261286829399,2.639326065420218,0.3665014443277311,0.011175485819327731,256,0,0,0,0,0,0,0,0,0,0,0,0,0.0,0
malware,000e731440308f57fde3cf58626ec77edd4f3f89a9d9e964ea170d18fdef9069.exe,data\raw\malware\000e731440308f57fde3cf58626ec77edd4f3f89a9d9e964ea170d18fdef9069.exe,345088,68,1,0,0,0,0.014705882352941176,executable,1,0,0,0,0,1,1,0,,113,7.8479458893594005,3.150800006500457,0.3513190838278932,0.057730202151335314,256,0,0,0,0,0,0,0,0,0,0,0,0,0.0,0
malware,00a0d8c3adc67e930fd89331e4e41cfe2a7128072d5d3ca0ec369da5b7847a45.exe,data\raw\malware\00a0d8c3adc67e930fd89331e4e41cfe2a7128072d5d3ca0ec369da5b7847a45.exe,438272,68,1,0,0,0,0.014705882352941176,executable,1,0,0,0,0,1,1,0,,2,7.578599826423646,0.683666154715845,0.3298066041179907,0.11430800963785047,256,0,0,0,0,0,0,0,0,0,0,0,0,0.0,0
malware,00ab1c6b7654dcb244dac269d0012e5badabff7eb8c40b428009d6ee86791591.exe,data\raw\malware\00ab1c6b7654dcb244dac269d0012e5badabff7eb8c40b428009d6ee86791591.exe,413696,68,1,0,0,0,0.014705882352941176,executable,1,0,0,0,0,1,1,0,,7,7.671011406662292,0.6601077473333207,0.33312383972772275,0.09662409112004951,256,0,0,0,0,0,0,0,0,0,0,0,0,0.0,0
malware,00c5240f41d311ed58e92f805d915359e1d202e9ef9cf7f567519907868947c8.exe,data\raw\malware\00c5240f41d311ed58e92f805d915359e1d202e9ef9cf7f567519907868947c8.exe,208896,68,1,0,0,0,0.014705882352941176,executable,1,0,0,0,0,1,1,0,,1,6.1723610348497875,0.9457727101826664,0.28591260723039214,0.24545706954656862,256,0,0,1,0,0,0,1,1,0,0,0,0,0.0,0
malware,00cc9bb91df017673ce091d87aca25aebd1119c19a1feef73dca9194a4a9248d.exe,data\raw\malware\00cc9bb91df017673ce091d87aca25aebd1119c19a1feef73dca9194a4a9248d.exe,380416,68,1,0,0,0,0.014705882352941176,executable,1,0,0,0,0,1,1,0,,8,7.869793906270063,4.567619783542512,0.35091321080080756,0.04932232082772544,256,0,0,0,0,0,0,0,0,0,0,0,0,0.0,0
malware,00d0f2df2841b9a79031ab3dc564db99e2caa22c9626842f087b195e3250dc89.ole,data\raw\malware\00d0f2df2841b9a79031ab3dc564db99e2caa22c9626842f087b195e3250dc89.ole,144309,68,0,0,0,0,0.014705882352941176,unknown,0,0,0,0,1,0,0,0,,6,6.091895046714661,3.499583595987412,0.3872523543230152,0.2867319432606421,256,1,0,0,0,0,0,0,0,0,0,0,0,0.0,0
malware,00d947043b5ee7d6e789a0a81286e50371c6417e0601f7ad62f9018c5c14eb74.exe,data\raw\malware\00d947043b5ee7d6e789a0a81286e50371c6417e0601f7ad62f9018c5c14eb74.exe,110176,68,1,0,0,0,0.014705882352941176,executable,1,0,0,0,0,1,1,0,,1,6.9960072428314115,5.455375746007624,0.32274724077839095,0.18730939587568982,256,0,0,0,0,0,0,0,0,0,0,0,0,0.0,0
malware,00db5e29f6a3f63b8402dea3237c1588504483a83cb9ebaa2c96e9d7a0246c05.ole,data\raw\malware\00db5e29f6a3f63b8402dea3237c1588504483a83cb9ebaa2c96e9d7a0246c05.ole,158759,68,0,0,0,0,0.014705882352941176,unknown,0,0,0,0,1,0,0,0,,6,5.744216053758978,1.648056338126978,0.34631737413312,0.3616991792591286,256,1,0,3,0,0,0,3,3,0,0,0,0,0.0,0
malware,00dbedfa52c46cad28416fe72a908c2ae33b77eb8c317cd05a29865d5ab34f0f.exe,data\raw\malware\00dbedfa52c46cad28416fe72a908c2ae33b77eb8c317cd05a29865d5ab34f0f.exe,368640,68,1,0,0,0,0.014705882352941176,executable,1,0,0,0,0,1,1,0,,5,7.691516224502161,0.7214539391197082,0.33701985677083335,0.08570692274305555,256,0,0,0,0,0,0,0,0,0,0,0,0,0.0,0
malware,00e02cb453b91d21223cd2578a9e3adcc7c9c6f72f90220bd750a0380a064217.exe,data\raw\malware\00e02cb453b91d21223cd2578a9e3adcc7c9c6f72f90220bd750a0380a064217.exe,479232,68,1,0,0,0,0.014705882352941176,executable,1,0,0,0,0,1,1,0,,8,7.271847664317071,0.7201404438623791,0.2979871961805556,0.16634531917735043,256,0,0,0,0,0,0,0,0,0,0,0,0,0.0,0
malware,00e0f78782ab0bb9da61b92f98fb8d8fcecc99808a2d3135169659ee22a834e3.exe,data\raw\malware\00e0f78782ab0bb9da61b92f98fb8d8fcecc99808a2d3135169659ee22a834e3.exe,421888,68,1,0,0,0,0.014705882352941176,executable,1,0,0,0,0,1,1,0,,4,7.73449226830973,0.711331106980213,0.3376322625910194,0.07658904733009708,256,0,0,0,0,0,0,0,0,0,0,0,0,0.0,0
malware,00f271c5a278b03daa22a88883f2e91474c812dd3cc814dd9d89bc46125a764a.exe,data\raw\malware\00f271c5a278b03daa22a88883f2e91474c812dd3cc814dd9d89bc46125a764a.exe,430080,68,1,0,0,0,0.014705882352941176,executable,1,0,0,0,0,1,1,0,,6,7.660913411228345,0.6703872921689462,0.3317103794642857,0.09537295386904762,256,0,0,0,0,0,0,0,0,0,0,0,0,0.0,0
malware,00f7b0e7e30cf08112073c5ce73575a3500dabfa23279828be99f0ca81d4737f.exe,data\raw\malware\00f7b0e7e30cf08112073c5ce73575a3500dabfa23279828be99f0ca81d4737f.exe,503808,68,1,0,0,0,0.014705882352941176,executable,1,0,0,0,0,1,1,0,,2,6.8308418936336555,0.6869356521918348,0.27935642149390244,0.24485915269308944,256,0,0,0,0,0,0,0,0,0,0,0,0,0.0,0
malware,0a027ac005f0ab69b76b7587c1f5ac68377f933bb7d7aed7741899867ccd0032.ole,data\raw\malware\0a027ac005f0ab69b76b7587c1f5ac68377f933bb7d7aed7741899867ccd0032.ole,156467,68,0,0,0,0,0.014705882352941176,unknown,0,0,0,0,1,0,0,0,,6,5.826625047710762,1.610000346744518,0.3455233371893115,0.35256635584500245,256,1,0,3,0,0,0,3,3,0,0,0,0,0.0,0
malware,0a171e762c612998f96aeb54a06b48bc4c8ac9547458431a47b3885082f6f095.ole,data\raw\malware\0a171e762c612998f96aeb54a06b48bc4c8ac9547458431a47b3885082f6f095.ole,156509,68,0,0,0,0,0.014705882352941176,unknown,0,0,0,0,1,0,0,0,,6,5.826707035211285,1.610000346744518,0.34570535879725767,0.35246535343015417,256,1,0,3,0,0,0,3,3,0,0,0,0,0.0,0
malware,0a18d07a64413638b1804223e3058999d619dad3095db055e46da67d674344eb.exe,data\raw\malware\0a18d07a64413638b1804223e3058999d619dad3095db055e46da67d674344eb.exe,413696,68,1,0,0,0,0.014705882352941176,executable,1,0,0,0,0,1,1,0,,5,7.673619621258949,0.6636039053484244,0.3337716584158416,0.09618173731435643,256,0,0,0,0,0,0,0,0,0,0,0,0,0.0,0
malware,0a266ad12d079323f2170811f5195fb51893d5bcbc915e758dc10c0f876d5fb5.exe,data\raw\malware\0a266ad12d079323f2170811f5195fb51893d5bcbc915e758dc10c0f876d5fb5.exe,172032,68,1,0,0,0,0.014705882352941176,executable,1,0,0,0,0,1,1,0,,4,6.979258144045963,0.6820198571604894,0.27187383742559523,0.15793573288690477,256,0,0,0,0,0,0,0,0,0,0,0,0,0.0,0
malware,0a3e59c5116da71e2133d9a23a9c4adb2ad60951a5f80cfa24cbe27da776d4f8.exe,data\raw\malware\0a3e59c5116da71e2133d9a23a9c4adb2ad60951a5f80cfa24cbe27da776d4f8.exe,131168,68,1,0,0,0,0.014705882352941176,executable,1,0,0,0,0,1,1,0,,2,6.854610684284777,5.293923133539832,0.2928534398633813,0.19048090997804343,256,1,2,0,0,0,0,0,0,0,0,0,0,0.0,0
malware,0a442894505a793b2e3f9a4755da4aeafdf70a765ccdbfc3d1fad9934980d9e5.exe,data\raw\malware\0a442894505a793b2e3f9a4755da4aeafdf70a765ccdbfc3d1fad9934980d9e5.exe,409600,68,1,0,0,0,0.014705882352941176,executable,1,0,0,0,0,1,1,0,,4,7.319246067839336,0.6721682233675249,0.3103955078125,0.16419189453125,256,0,0,0,0,0,0,0,0,0,0,0,0,0.0,0
malware,0a50b74ac552f4d6f43facb16f2457d607d5fbd239bd860a6213e98c9fb255df.exe,data\raw\malware\0a50b74ac552f4d6f43facb16f2457d607d5fbd239bd860a6213e98c9fb255df.exe,147496,68,1,0,0,0,0.014705882352941176,executable,1,0,0,0,0,1,1,0,,1,6.752897015349527,5.41524697814181,0.3636776590551608,0.21724656939849216,256,1,2,0,0,0,0,0,0,0,0,0,0,0.0,0
malware,0a59771fdc42dd24d8dc9b3490983c46aac749861be1630af697511deb8ed1a3.exe,data\raw\malware\0a59771fdc42dd24d8dc9b3490983c46aac749861be1630af697511deb8ed1a3.exe,438272,68,1,0,0,0,0.014705882352941176,executable,1,0,0,0,0,1,1,0,,3,7.5802218723528085,0.7090035025895024,0.3250470027745327,0.11016674576518691,256,0,0,0,0,0,0,0,0,0,0,0,0,0.0,0
malware,0a5bc3bd081eb5fc52db31e607c65342c8305df4446d103c95dab318c858748c.exe,data\raw\malware\0a5bc3bd081eb5fc52db31e607c65342c8305df4446d103c95dab318c858748c.exe,442368,68,1,0,0,0,0.014705882352941176,executable,1,0,0,0,0,1,1,0,,4,7.490024791369396,0.713887979200703,0.3200638382523148,0.1293967918113426,256,0,0,0,0,0,0,0,0,0,0,0,0,0.0,0
malware,0a5faf5624a993bd716ca6d7a9b2750e8b06af4965d49fc8a514a8da06c2a01e.exe,data\raw\malware\0a5faf5624a993bd716ca6d7a9b2750e8b06af4965d49fc8a514a8da06c2a01e.exe,425984,68,1,0,0,0,0.014705882352941176,executable,1,0,0,0,0,1,1,0,,6,7.764703112113416,0.6943920128960888,0.3416888897235577,0.06838519756610577,256,0,0,0,0,0,0,0,0,0,0,0,0,0.0,0
malware,0a783e91ef138af7b8b928a2a82789d8807637f7f90b34e1db4ebb0bbdaf5de8.exe,data\raw\malware\0a783e91ef138af7b8b928a2a82789d8807637f7f90b34e1db4ebb0bbdaf5de8.exe,471040,68,1,0,0,0,0.014705882352941176,executable,1,0,0,0,0,1,1,0,,3,7.045603080320863,0.9377802642477264,0.3437563688858696,0.13633237092391304,256,0,0,1,0,0,0,1,1,0,0,0,0,0.0,0
malware,0a7941b27b45b1038fd3cd26e0b2daff0f3a5367a28ec63fa7464c0db0a05fbd.exe,data\raw\malware\0a7941b27b45b1038fd3cd26e0b2daff0f3a5367a28ec63fa7464c0db0a05fbd.exe,211456,68,1,0,0,0,0.014705882352941176,executable,1,0,0,0,0,1,1,0,,3,7.138547093020224,6.692056415855216,0.3146186440677966,0.1903327406174334,256,0,0,0,0,0,0,0,0,0,0,0,0,0.0,0
malware,0a7e2e56ddf654151b898a8c0a1c0b9d18a6c29a05fbb7f75df72fc7c4cea175.ole,data\raw\malware\0a7e2e56ddf654151b898a8c0a1c0b9d18a6c29a05fbb7f75df72fc7c4cea175.ole,50344,68,0,0,0,0,0.014705882352941176,unknown,0,0,0,0,1,1,0,0,,13,7.985243475931101,7.81317276134333,0.3702327983473701,0.012633084379469252,256,0,0,0,0,0,0,0,0,0,0,0,0,0.0,0
malware,0a7fc8a656ade5401dae2c1d4dcf4ca55ef6fc51a13336f801d25938f71fb636.exe,data\raw\malware\0a7fc8a656ade5401dae2c1d4dcf4ca55ef6fc51a13336f801d25938f71fb636.exe,368640,68,1,0,0,0,0.014705882352941176,executable,1,0,0,0,0,1,1,0,,5,7.691321048399099,0.7214539391197082,0.33748101128472224,0.08582628038194444,256,0,0,0,0,0,0,0,0,0,0,0,0,0.0,0
malware,0a83754a6e03d367af7e4a181df496b5d643d69915a4702e91c5e5b2c4918859.exe,data\raw\malware\0a83754a6e03d367af7e4a181df496b5d643d69915a4702e91c5e5b2c4918859.exe,413696,68,1,0,0,0,0.014705882352941176,executable,1,0,0,0,0,1,1,0,,4,7.6755257107369825,0.6752756446133303,0.33562809405940597,0.09616723391089109,256,0,0,0,0,0,0,0,0,0,0,0,0,0.0,0
malware,0a8e05af1b0ee06e490e2486ab97f81ce36901671f894d6f562d778fdc90ee88.exe,data\raw\malware\0a8e05af1b0ee06e490e2486ab97f81ce36901671f894d6f562d778fdc90ee88.exe,95785,68,1,0,0,0,0.014705882352941176,executable,1,0,0,0,0,1,1,0,,0,7.625972801475379,5.531345295114534,0.3431330584120687,0.07095056637260531,256,0,0,0,0,0,0,0,0,0,0,0,0,0.0,0
malware,0a9e7d8e4b00631d24afb44e7e5f6ad531d8024410570195352e9b4666d7141d.ole,data\raw\malware\0a9e7d8e4b00631d24afb44e7e5f6ad531d8024410570195352e9b4666d7141d.ole,239138,68,0,0,0,0,0.014705882352941176,unknown,0,0,0,0,1,0,0,0,,11,6.769543317827019,1.6604477401757731,0.3411377530965384,0.23461348677332752,256,1,0,0,0,0,0,0,0,0,0,0,0,0.0,0
malware,0a9fde28a185a41b4f5ae474f292559e3f0a9d7ce6d529b583d0e3b04e95cb8a.exe,data\raw\malware\0a9fde28a185a41b4f5ae474f292559e3f0a9d7ce6d529b583d0e3b04e95cb8a.exe,356352,68,1,0,0,0,0.014705882352941176,executable,1,0,0,0,0,1,1,0,,4,7.727611137218894,0.6672722099395707,0.33301061871408044,0.0802942034841954,256,0,0,0,0,0,0,0,0,0,0,0,0,0.0,0
malware,0aa7013930744b60ba20cc0411dae751671a2dc069470936aefb4926f3a32bef.exe,data\raw\malware\0aa7013930744b60ba20cc0411dae751671a2dc069470936aefb4926f3a32bef.exe,471040,68,1,0,0,0,0.014705882352941176,executable,1,0,0,0,0,1,1,0,,6,7.435500684472285,0.698647601848355,0.3148246433423913,0.13782905910326088,256,0,0,0,0,0,0,0,0,0,0,0,0,0.0,0
malware,0ab06167cb7fd6d00a08079bbcd2d2ca05cbb5a9edaa943543dca37d7aaed05b.exe,data\raw\malware\0ab06167cb7fd6d00a08079bbcd2d2ca05cbb5a9edaa943543dca37d7aaed05b.exe,413696,68,1,0,0,0,0.014705882352941176,executable,1,0,0,0,0,1,1,0,,3,7.804616814381121,0.6979485249545727,0.3449972926980198,0.060044090346534656,256,0,0,0,0,0,0,0,0,0,0,0,0,0.0,0
malware,0ab272f979fa9aed2035beb2f578c7dd1b689f64452457def9e7aca2d1c91a3a.ole,data\raw\malware\0ab272f979fa9aed2035beb2f578c7dd1b689f64452457def9e7aca2d1c91a3a.ole,152270,68,0,0,0,0,0.014705882352941176,unknown,0,0,0,0,1,0,0,0,,6,6.033757639400938,3.5101156485396783,0.3836343337492612,0.29224404019176464,256,1,0,0,0,0,0,0,0,0,0,0,0,0.0,0
malware,0ab742ec02156c19db6208c1c9ff32c7ff5805bba349f6ba9d4646ade55206c9.exe,data\raw\malware\0ab742ec02156c19db6208c1c9ff32c7ff5805bba349f6ba9d4646ade55206c9.exe,393216,68,1,0,0,0,0.014705882352941176,executable,1,0,0,0,0,1,1,0,,3,7.7309872490786935,0.6572109145275549,0.33897145589192706,0.08465830485026042,256,0,0,0,0,0,0,0,0,0,0,0,0,0.0,0
malware,0ab8a74d53e1f779fcc14efe09b93ecc00766ac8721407e83ce81eb1fdc1e134.exe,data\raw\malware\0ab8a74d53e1f779fcc14efe09b93ecc00766ac8721407e83ce81eb1fdc1e134.exe,458752,68,1,0,0,0,0.014705882352941176,executable,1,0,0,0,0,1,1,0,,7,7.4653727926113085,0.6981740507461204,0.3214111328125,0.13190351213727677,256,0,0,0,0,0,0,0,0,0,0,0,0,0.0,0
malware,0ac7a6ebd5eb49aee91c2d8c91ec5ed1256f8f624b871730f5910289a6500ba2.exe,data\raw\malware\0ac7a6ebd5eb49aee91c2d8c91ec5ed1256f8f624b871730f5910289a6500ba2.exe,164512,68,1,0,0,0,0.014705882352941176,executable,1,0,0,0,0,1,1,0,,0,5.6720293367375945,4.0919773769710375,0.22728433184205407,0.39458519743240617,256,0,0,4,0,0,0,4,4,0,0,0,0,0.0,0
malware,0acbd96443e33ed3c7bb5928e381f4440eb99308be50ab1a869a7bc118e57076.ole,data\raw\malware\0acbd96443e33ed3c7bb5928e381f4440eb99308be50ab1a869a7bc118e57076.ole,135948,68,0,0,0,0,0.014705882352941176,unknown,0,0,0,0,1,0,0,0,,6,5.927628419170604,3.421290367319551,0.3198575926089387,0.32918468826315944,256,1,0,0,0,0,0,0,0,0,0,0,0,0.0,0
malware,0acf541f983ebcbc34a65128f894228237d3505ab231dbf03b39fefc1a680505.exe,data\raw\malware\0acf541f983ebcbc34a65128f894228237d3505ab231dbf03b39fefc1a680505.exe,364544,68,1,0,0,0,0.014705882352941176,executable,1,0,0,0,0,1,1,0,,6,7.310092859331268,5.550921842841242,0.3304100465238764,0.14207887113764045,256,0,0,1,0,0,0,1,1,0,0,0,0,0.0,0
malware,0ad1787f0df70891e2afeaa9ea4cae86f43e8692dff333c913ca6f59b9f5f6fe.exe,data\raw\malware\0ad1787f0df70891e2afeaa9ea4cae86f43e8692dff333c913ca6f59b9f5f6fe.exe,208896,68,1,0,0,0,0.014705882352941176,executable,1,0,0,0,0,1,1,0,,1,6.170901539270546,0.94862434024844,0.2860705805759804,0.24569163602941177,256,0,0,1,0,0,0,1,1,0,0,0,0,0.0,0
malware,0ad234bb3f6d830cfdb896b8f45b59b8790e72fd3b834242ab1a35a0a7eb21a0.ole,data\raw\malware\0ad234bb3f6d830cfdb896b8f45b59b8790e72fd3b834242ab1a35a0a7eb21a0.ole,94034,68,0,0,0,0,0.014705882352941176,unknown,0,0,0,0,1,1,0,0,,28,7.862956555885034,6.155146958039534,0.35337218452900016,0.04302699023757364,256,0,0,0,0,0,0,0,0,0,0,0,0,0.0,0
malware,0ae67dd54368c64d392733680f1cee1864a6a87469137f7c5ea04a216a823ca4.exe,data\raw\malware\0ae67dd54368c64d392733680f1cee1864a6a87469137f7c5ea04a216a823ca4.exe,352256,68,1,0,0,0,0.014705882352941176,executable,1,0,0,0,0,1,1,0,,5,7.773382309597425,0.6783485917076743,0.34294944585755816,0.06949491279069768,256,0,0,0,0,0,0,0,0,0,0,0,0,0.0,0
malware,0ae694c5332ae2c89f5cfb1e65ac6805c34e02c0b63b33197b5cb7f554c7cf76.exe,data\raw\malware\0ae694c5332ae2c89f5cfb1e65ac6805c34e02c0b63b33197b5cb7f554c7cf76.exe,372736,68,1,0,0,0,0.014705882352941176,executable,1,0,0,0,0,1,1,0,,7,7.973706656095057,5.040905199766019,0.36334832160027475,0.016539856627747252,256,0,0,0,0,0,0,0,0,0,0,0,0,0.0,0
malware,0afacd3815c755c6310cde87c082230a34086fd7f3ed18f51936fc1b84136c9d.exe,data\raw\malware\0afacd3815c755c6310cde87c082230a34086fd7f3ed18f51936fc1b84136c9d.exe,417792,68,1,0,0,0,0.014705882352941176,executable,1,0,0,0,0,1,1,0,,5,7.663191445824336,0.7122237002021827,0.33296951593137253,0.09200271905637254,256,0,0,0,0,0,0,0,0,0,0,0,0,0.0,0
malware,0b0bedd0552059f0009d5432010795b6d6d288a680475e935e2d4e09a5895d0d.exe,data\raw\malware\0b0bedd0552059f0009d5432010795b6d6d288a680475e935e2d4e09a5895d0d.exe,442880,68,1,0,0,0,0.014705882352941176,executable,1,0,0,0,0,1,1,0,,9,7.551327305835816,2.927599255906182,0.3090475975433526,0.11398121387283237,256,0,0,0,0,0,0,0,0,0,0,0,0,0.0,0
malware,0b1c6998a9ec410fcb9b729ca0e811672db0e6bbfcc57886c9a19da633175f78.exe,data\raw\malware\0b1c6998a9ec410fcb9b729ca0e811672db0e6bbfcc57886c9a19da633175f78.exe,195232,68,1,0,0,0,0.014705882352941176,executable,1,0,0,0,0,1,1,0,,0,4.921213389616824,5.036271139980163,0.20394709883625636,0.49705478610063925,256,0,0,4,0,0,0,4,4,0,0,0,0,0.0,0
malware,0b1c9cc6431aecfcab4dd1d2d1b8f3d80a2603915d4e1952949b53b7bfbe4e58.exe,data\raw\malware\0b1c9cc6431aecfcab4dd1d2d1b8f3d80a2603915d4e1952949b53b7bfbe4e58.exe,471040,68,1,0,0,0,0.014705882352941176,executable,1,0,0,0,0,1,1,0,,5,7.418839960729494,0.7060610662459578,0.31649753736413044,0.1410347316576087,256,0,0,0,0,0,0,0,0,0,0,0,0,0.0,0
