label,filename,filepath,file_size,filename_length,extension_count,has_double_extension,has_uppercase_extension,has_unicode_control_char,special_char_ratio,extension_category,is_executable_extension,is_script_extension,is_macro_document,is_archive_extension,is_unknown_extension,magic_bytes_known,magic_bytes_valid,extension_mime_mismatch,has_content_type,claimed_mime_mismatch,embedded_file_signature_count,byte_entropy,header_entropy,printable_ratio,null_byte_ratio,unique_byte_count,url_count,ip_address_count,base64_candidate_count,suspicious_command_count,execution_api_count,network_api_count,obfuscation_pattern_count,suspicious_string_count,archive_entry_count,executable_entry_count,script_entry_count,archive_depth,compression_ratio,archive_bomb_suspected
benign,arxiv_1904.07601v3.pdf,data\raw\benign_arxiv_pdf\arxiv_1904.07601v3.pdf,4285071,22,1,0,0,0,0.13636363636363635,document,0,0,0,0,0,1,1,0,0,0,81,7.989856630522254,6.484295905519165,0.3876278829452301,0.006809455432593765,256,3,0,48,0,0,0,48,48,0,0,0,0,0.0,0
benign,arxiv_1904.07934v2.pdf,data\raw\benign_arxiv_pdf\arxiv_1904.07934v2.pdf,7874648,22,1,0,0,0,0.13636363636363635,document,0,0,0,0,0,1,1,0,0,0,157,7.970426365295598,4.810105405673868,0.37181280991861476,0.015564505232487853,256,6,0,16,1,0,0,16,17,0,0,0,0,0.0,0
benign,arxiv_1904.08010v1.pdf,data\raw\benign_arxiv_pdf\arxiv_1904.08010v1.pdf,159768,22,1,0,0,0,0.13636363636363635,document,0,0,0,0,0,1,1,0,0,0,2,7.616978155682006,7.7375356549379735,0.5578588953983276,0.002441039507285564,256,11,0,39,0,0,0,39,39,0,0,0,0,0.0,0
benign,arxiv_1904.08109v1.pdf,data\raw\benign_arxiv_pdf\arxiv_1904.08109v1.pdf,593003,22,1,0,0,0,0.13636363636363635,document,0,0,0,0,0,1,1,0,0,0,5,7.944553410726307,7.773062562536377,0.42462011153400575,0.0074232339465399,256,7,0,10,0,0,0,10,10,0,0,0,0,0.0,0
benign,arxiv_1904.08149v2.pdf,data\raw\benign_arxiv_pdf\arxiv_1904.08149v2.pdf,851536,22,1,0,0,0,0.13636363636363635,document,0,0,0,0,0,1,1,0,0,0,16,7.957262224270171,7.756065088647308,0.40341805866105485,0.012550262114578832,256,26,0,7,0,0,0,7,7,0,0,0,0,0.0,0
benign,arxiv_1904.08177v1.pdf,data\raw\benign_arxiv_pdf\arxiv_1904.08177v1.pdf,8666947,22,1,0,0,0,0.13636363636363635,document,0,0,0,0,0,1,1,0,0,0,198,7.727680693343044,7.776938882917497,0.3702209093928923,0.06446837623444565,256,42,1,14,0,0,0,14,14,0,0,0,0,0.0,0
benign,arxiv_1904.12059v1.pdf,data\raw\benign_arxiv_pdf\arxiv_1904.12059v1.pdf,1780539,22,1,0,0,0,0.13636363636363635,document,0,0,0,0,0,1,1,0,0,0,36,7.9845736432200445,7.76241952808642,0.3864942020365743,0.010792237631413858,256,0,0,6,0,0,0,6,6,0,0,0,0,0.0,0
benign,arxiv_1904.12635v1.pdf,data\raw\benign_arxiv_pdf\arxiv_1904.12635v1.pdf,4503164,22,1,0,0,0,0.13636363636363635,document,0,0,0,0,0,1,1,0,0,0,78,7.99741372675718,7.704961923199991,0.3800290195959996,0.003811764350576617,256,0,0,0,0,0,0,0,0,0,0,0,0,0.0,0
benign,arxiv_1904.12848v6.pdf,data\raw\benign_arxiv_pdf\arxiv_1904.12848v6.pdf,1625724,22,1,0,0,0,0.13636363636363635,document,0,0,0,0,0,1,1,0,0,0,53,7.9147416820090974,7.743797969867802,0.4327727215689748,0.004177215812770188,256,14,0,11,0,0,0,11,11,0,0,0,0,0.0,0
benign,arxiv_1904.12901v1.pdf,data\raw\benign_arxiv_pdf\arxiv_1904.12901v1.pdf,259192,22,1,0,0,0,0.13636363636363635,document,0,0,0,0,0,1,1,0,0,0,4,7.603556115915192,7.731101398722777,0.5588791320719775,0.002426772431247878,256,26,0,50,0,0,0,50,50,0,0,0,0,0.0,0
benign,arxiv_1904.13196v1.pdf,data\raw\benign_arxiv_pdf\arxiv_1904.13196v1.pdf,3014683,22,1,0,0,0,0.13636363636363635,document,0,0,0,0,0,1,1,0,0,0,31,7.979039794785817,7.7550704445812,0.3844407521454163,0.007991553340765845,256,25,0,8,0,0,0,8,8,0,0,0,0,0.0,0
benign,arxiv_1904.13333v1.pdf,data\raw\benign_arxiv_pdf\arxiv_1904.13333v1.pdf,1366746,22,1,0,0,0,0.13636363636363635,document,0,0,0,0,0,1,1,0,0,0,11,7.797699365190077,7.74852405669279,0.36652238235926793,0.06060453076138507,256,6,0,9,0,0,0,9,9,0,0,0,0,0.0,0
benign,arxiv_1905.01984v1.pdf,data\raw\benign_arxiv_pdf\arxiv_1905.01984v1.pdf,473516,22,1,0,0,0,0.13636363636363635,document,0,0,0,0,0,1,1,0,0,0,5,7.929145887508657,6.362261894216427,0.42950396607506397,0.003131889946696627,256,5,0,26,0,0,0,26,26,0,0,0,0,0.0,0
benign,arxiv_1905.02019v1.pdf,data\raw\benign_arxiv_pdf\arxiv_1905.02019v1.pdf,578449,22,1,0,0,0,0.13636363636363635,document,0,0,0,0,0,1,1,0,0,0,5,7.9320054749867515,7.781968241714858,0.37715511652712685,0.025545899465640013,256,3,0,4,0,0,0,4,4,0,0,0,0,0.0,0
benign,arxiv_1905.02234v2.pdf,data\raw\benign_arxiv_pdf\arxiv_1905.02234v2.pdf,8154538,22,1,0,0,0,0.13636363636363635,document,0,0,0,0,0,1,1,0,0,0,140,7.9923686183122395,5.950023757892389,0.3690467810684063,0.009377968439168473,256,11,0,6,0,0,0,6,6,0,0,0,0,0.0,0
benign,arxiv_1905.02810v1.pdf,data\raw\benign_arxiv_pdf\arxiv_1905.02810v1.pdf,4153683,22,1,0,0,0,0.13636363636363635,document,0,0,0,0,0,1,1,0,0,0,213,7.900668423328973,7.769099475382694,0.4412934256176988,0.0021419545015832937,256,3,1,15,0,0,0,15,15,0,0,0,0,0.0,0
benign,arxiv_1905.02845v1.pdf,data\raw\benign_arxiv_pdf\arxiv_1905.02845v1.pdf,1364550,22,1,0,0,0,0.13636363636363635,document,0,0,0,0,0,1,1,0,0,0,18,7.936942639068466,7.739869346607884,0.40046388919423986,0.024085595984024037,256,7,0,9,1,0,0,9,10,0,0,0,0,0.0,0
benign,arxiv_1905.02941v1.pdf,data\raw\benign_arxiv_pdf\arxiv_1905.02941v1.pdf,618820,22,1,0,0,0,0.13636363636363635,document,0,0,0,0,0,1,1,0,0,0,5,7.799334261789506,7.81262334228342,0.4099932128890469,0.05350021007724379,256,0,0,15,0,0,0,15,15,0,0,0,0,0.0,0
benign,arxiv_1905.03362v1.pdf,data\raw\benign_arxiv_pdf\arxiv_1905.03362v1.pdf,425596,22,1,0,0,0,0.13636363636363635,document,0,0,0,0,0,1,1,0,0,0,4,7.9612484133076356,7.746413635899334,0.40926841417682497,0.008933354636791698,256,15,0,6,0,0,0,6,6,0,0,0,0,0.0,0
benign,arxiv_1905.03427v1.pdf,data\raw\benign_arxiv_pdf\arxiv_1905.03427v1.pdf,216569,22,1,0,0,0,0.13636363636363635,document,0,0,0,0,0,1,1,0,0,0,4,7.818644182577895,6.715108507473084,0.4565150136907868,0.0031860515586256575,256,5,0,14,0,0,0,14,14,0,0,0,0,0.0,0
benign,arxiv_1906.00744v5.pdf,data\raw\benign_arxiv_pdf\arxiv_1906.00744v5.pdf,7234607,22,1,0,0,0,0.13636363636363635,document,0,0,0,0,0,1,1,0,0,0,8,4.89459673743939,5.039448348693875,0.8828048296196324,0.0004289106512627431,256,1,0,6,0,0,0,6,6,0,0,0,0,0.0,0
benign,arxiv_1906.00805v1.pdf,data\raw\benign_arxiv_pdf\arxiv_1906.00805v1.pdf,3397281,22,1,0,0,0,0.13636363636363635,document,0,0,0,0,0,1,1,0,0,0,369,7.9052328313728575,7.7796340674508055,0.420630792683914,0.012065236876195993,256,1,0,10,1,0,0,10,11,0,0,0,0,0.0,0
benign,arxiv_1906.00872v1.pdf,data\raw\benign_arxiv_pdf\arxiv_1906.00872v1.pdf,1158541,22,1,0,0,0,0.13636363636363635,document,0,0,0,0,0,1,1,0,0,0,17,7.979248492538192,6.126964374571034,0.3981723564379681,0.009582742432076206,256,2,0,8,0,0,0,8,8,0,0,0,0,0.0,0
benign,arxiv_1906.01039v1.pdf,data\raw\benign_arxiv_pdf\arxiv_1906.01039v1.pdf,5418077,22,1,0,0,0,0.13636363636363635,document,0,0,0,0,0,1,1,0,0,0,104,7.986752715426462,7.781786149457163,0.38569034733171936,0.010294058205521995,256,46,0,937,0,0,0,937,937,0,0,0,0,0.0,0
benign,arxiv_1906.01119v1.pdf,data\raw\benign_arxiv_pdf\arxiv_1906.01119v1.pdf,167362,22,1,0,0,0,0.13636363636363635,document,0,0,0,0,0,1,1,0,0,0,1,7.693559504107872,7.7309213664577925,0.5311779256940046,0.0023422282238500973,256,7,0,58,0,0,0,58,58,0,0,0,0,0.0,0
benign,arxiv_1906.01121v1.pdf,data\raw\benign_arxiv_pdf\arxiv_1906.01121v1.pdf,225945,22,1,0,0,0,0.13636363636363635,document,0,0,0,0,0,1,1,0,0,0,4,7.794997687917822,7.7420239350542,0.49770076788598994,0.002593551528026732,256,7,0,54,0,0,0,54,54,0,0,0,0,0.0,0
benign,arxiv_1906.01126v1.pdf,data\raw\benign_arxiv_pdf\arxiv_1906.01126v1.pdf,104161,22,1,0,0,0,0.13636363636363635,document,0,0,0,0,0,1,1,0,0,0,0,7.741238617951093,7.759643418947226,0.51773696489089,0.002870556158255009,256,7,0,29,0,0,0,29,29,0,0,0,0,0.0,0
benign,arxiv_1906.01350v2.pdf,data\raw\benign_arxiv_pdf\arxiv_1906.01350v2.pdf,1435241,22,1,0,0,0,0.13636363636363635,document,0,0,0,0,0,1,1,0,0,0,32,7.932784212422764,7.6096249873251525,0.4322918589978965,0.009661791991728218,256,29,0,16,0,0,0,16,16,0,0,0,0,0.0,0
benign,arxiv_1906.01374v1.pdf,data\raw\benign_arxiv_pdf\arxiv_1906.01374v1.pdf,956910,22,1,0,0,0,0.13636363636363635,document,0,0,0,0,0,1,1,0,0,0,14,7.957724091976627,7.772206008330786,0.3883405962943223,0.018019458465268416,256,0,0,7,0,0,0,7,7,0,0,0,0,0.0,0
benign,arxiv_1906.01407v1.pdf,data\raw\benign_arxiv_pdf\arxiv_1906.01407v1.pdf,1750844,22,1,0,0,0,0.13636363636363635,document,0,0,0,0,0,1,1,0,0,0,31,7.844655352256344,7.753978217295167,0.35199538051362655,0.029585160071371294,256,2,0,10,0,0,0,10,10,0,0,0,0,0.0,0
benign,arxiv_1906.01432v1.pdf,data\raw\benign_arxiv_pdf\arxiv_1906.01432v1.pdf,1100406,22,1,0,0,0,0.13636363636363635,document,0,0,0,0,0,1,1,0,0,0,13,7.914183163287947,7.746167064286724,0.38798225382268,0.034322786317050255,256,2,0,9,0,0,0,9,9,0,0,0,0,0.0,0
benign,arxiv_1906.01470v3.pdf,data\raw\benign_arxiv_pdf\arxiv_1906.01470v3.pdf,965860,22,1,0,0,0,0.13636363636363635,document,0,0,0,0,0,1,1,0,0,0,8,7.6891389559368575,7.761009037477529,0.5260379351044665,0.0038080053009752965,256,12,0,11,0,0,0,11,11,0,0,0,0,0.0,0
benign,arxiv_1906.01504v1.pdf,data\raw\benign_arxiv_pdf\arxiv_1906.01504v1.pdf,778036,22,1,0,0,0,0.13636363636363635,document,0,0,0,0,0,1,1,0,0,0,10,7.845796823797368,7.726176731612891,0.4738623919715797,0.003080834305867595,256,14,0,8,0,0,0,8,8,0,0,0,0,0.0,0
benign,arxiv_1906.01562v2.pdf,data\raw\benign_arxiv_pdf\arxiv_1906.01562v2.pdf,381065,22,1,0,0,0,0.13636363636363635,document,0,0,0,0,0,1,1,0,0,0,8,7.751615961667314,7.707209336135778,0.5127471691181295,0.0023591775681314213,256,10,0,56,0,0,0,56,56,0,0,0,0,0.0,0
benign,arxiv_2005.09971v1.pdf,data\raw\benign_arxiv_pdf\arxiv_2005.09971v1.pdf,1041015,22,1,0,0,0,0.13636363636363635,document,0,0,0,0,0,1,1,0,0,0,9,7.961940384315307,7.806909103539475,0.3895957310893695,0.017097736343856716,256,5,0,10,0,0,0,10,10,0,0,0,0,0.0,0
benign,arxiv_2005.10738v2.pdf,data\raw\benign_arxiv_pdf\arxiv_2005.10738v2.pdf,222793,22,1,0,0,0,0.13636363636363635,document,0,0,0,0,0,1,1,0,0,0,5,7.854887728204656,7.766488156082881,0.4648754673620805,0.010767842795779041,256,7,0,37,0,0,0,37,37,0,0,0,0,0.0,0
benign,arxiv_2005.11729v2.pdf,data\raw\benign_arxiv_pdf\arxiv_2005.11729v2.pdf,1468841,22,1,0,0,0,0.13636363636363635,document,0,0,0,0,0,1,1,0,0,0,18,7.918318608031946,7.714464815802754,0.4446396853029021,0.003535440527599652,256,2,0,10,7,0,0,10,17,0,0,0,0,0.0,0
benign,arxiv_2005.12254v1.pdf,data\raw\benign_arxiv_pdf\arxiv_2005.12254v1.pdf,8121669,22,1,0,0,0,0.13636363636363635,document,0,0,0,0,0,1,1,0,0,0,107,7.840914884249436,7.769613025834444,0.3511840977513366,0.02739141425241536,256,0,0,11,1,0,0,11,12,0,0,0,0,0.0,0
benign,arxiv_2005.12474v1.pdf,data\raw\benign_arxiv_pdf\arxiv_2005.12474v1.pdf,510917,22,1,0,0,0,0.13636363636363635,document,0,0,0,0,0,1,1,0,0,0,10,7.904999791261641,7.73802283983208,0.4113916741858267,0.02517825791664791,256,3,0,8,0,0,0,8,8,0,0,0,0,0.0,0
benign,arxiv_2005.12553v1.pdf,data\raw\benign_arxiv_pdf\arxiv_2005.12553v1.pdf,8607368,22,1,0,0,0,0.13636363636363635,document,0,0,0,0,0,1,1,0,0,0,97,7.8439943377286445,7.796394820094133,0.350630529564903,0.04328140727804365,256,24,0,40,0,0,0,40,40,0,0,0,0,0.0,0
benign,arxiv_2005.12638v2.pdf,data\raw\benign_arxiv_pdf\arxiv_2005.12638v2.pdf,2249198,22,1,0,0,0,0.13636363636363635,document,0,0,0,0,0,1,1,0,0,0,18,7.923316157477066,7.779310043009821,0.4327884872741306,0.004746136178317782,256,6,0,16,0,0,0,16,16,0,0,0,0,0.0,0
benign,arxiv_2005.12737v1.pdf,data\raw\benign_arxiv_pdf\arxiv_2005.12737v1.pdf,625429,22,1,0,0,0,0.13636363636363635,document,0,0,0,0,0,1,1,0,0,0,10,7.964363004704194,7.714464815802754,0.3827836572976309,0.018356999755367916,256,14,0,8,1,0,0,8,9,0,0,0,0,0.0,0
benign,arxiv_2005.12826v2.pdf,data\raw\benign_arxiv_pdf\arxiv_2005.12826v2.pdf,893559,22,1,0,0,0,0.13636363636363635,document,0,0,0,0,0,1,1,0,0,0,15,7.965298335035212,7.785776115481487,0.3945492127548377,0.015383427395393029,256,0,0,7,0,0,0,7,7,0,0,0,0,0.0,0
benign,arxiv_2005.12841v1.pdf,data\raw\benign_arxiv_pdf\arxiv_2005.12841v1.pdf,1716617,22,1,0,0,0,0.13636363636363635,document,0,0,0,0,0,1,1,0,0,0,11,7.944198485337016,7.7467958014892995,0.40434703839004277,0.0023354073739220806,256,37,0,7,1,0,0,7,8,0,0,0,0,0.0,0
benign,arxiv_2005.12974v1.pdf,data\raw\benign_arxiv_pdf\arxiv_2005.12974v1.pdf,3881829,22,1,0,0,0,0.13636363636363635,document,0,0,0,0,0,1,1,0,0,0,32,7.451121841545329,7.806207517723217,0.35989246306315914,0.08627299141719019,256,7,0,42,1,0,0,42,43,0,0,0,0,0.0,0
benign,arxiv_2005.13170v1.pdf,data\raw\benign_arxiv_pdf\arxiv_2005.13170v1.pdf,972612,22,1,0,0,0,0.13636363636363635,document,0,0,0,0,0,1,1,0,0,0,14,7.899648687314011,7.768398660022145,0.45449161638968055,0.003170843049438008,256,8,0,12,1,0,0,12,13,0,0,0,0,0.0,0
benign,arxiv_2005.13186v1.pdf,data\raw\benign_arxiv_pdf\arxiv_2005.13186v1.pdf,2702680,22,1,0,0,0,0.13636363636363635,document,0,0,0,0,0,1,1,0,0,0,55,7.9815119845716245,7.714464815802754,0.3982528453239007,0.007206180531916468,256,61,0,14,0,0,0,14,14,0,0,0,0,0.0,0
benign,arxiv_2005.13596v1.pdf,data\raw\benign_arxiv_pdf\arxiv_2005.13596v1.pdf,2857523,22,1,0,0,0,0.13636363636363635,document,0,0,0,0,0,1,1,0,0,0,30,7.957846912312346,5.039448348693875,0.4062644465153911,0.010884951757168708,256,0,0,19,1,0,0,19,20,0,0,0,0,0.0,0
benign,arxiv_2005.14037v1.pdf,data\raw\benign_arxiv_pdf\arxiv_2005.14037v1.pdf,614965,22,1,0,0,0,0.13636363636363635,document,0,0,0,0,0,1,1,0,0,0,5,7.7582301135996445,7.332630280698144,0.505462912523477,0.0036554925890091307,256,9,0,11,0,0,0,11,11,0,0,0,0,0.0,0
benign,arxiv_2005.14156v1.pdf,data\raw\benign_arxiv_pdf\arxiv_2005.14156v1.pdf,235277,22,1,0,0,0,0.13636363636363635,document,0,0,0,0,0,1,1,0,0,0,4,7.876113614301323,7.797418058788512,0.4621998750409092,0.0034895038614059172,256,2,0,6,0,0,0,6,6,0,0,0,0,0.0,0
benign,arxiv_2005.14230v1.pdf,data\raw\benign_arxiv_pdf\arxiv_2005.14230v1.pdf,1451446,22,1,0,0,0,0.13636363636363635,document,0,0,0,0,0,1,1,0,0,0,20,7.923350987664231,7.714464815802754,0.37932654745681205,0.03365746986109025,256,15,0,9,1,0,0,9,10,0,0,0,0,0.0,0
benign,arxiv_2005.14621v1.pdf,data\raw\benign_arxiv_pdf\arxiv_2005.14621v1.pdf,502691,22,1,0,0,0,0.13636363636363635,document,0,0,0,0,0,1,1,0,0,0,4,7.8256635815712485,7.749908218161196,0.4724214278751758,0.01198549407091036,256,10,0,10,0,0,0,10,10,0,0,0,0,0.0,0
benign,arxiv_2006.01022v2.pdf,data\raw\benign_arxiv_pdf\arxiv_2006.01022v2.pdf,506763,22,1,0,0,0,0.13636363636363635,document,0,0,0,0,0,1,1,0,0,0,12,7.979587500625686,6.340588826213579,0.378618802083025,0.011486631818029336,256,6,0,4,0,0,0,4,4,0,0,0,0,0.0,0
benign,arxiv_2006.01096v3.pdf,data\raw\benign_arxiv_pdf\arxiv_2006.01096v3.pdf,1077549,22,1,0,0,0,0.13636363636363635,document,0,0,0,0,0,1,1,0,0,0,21,7.90324265857314,7.768646771171791,0.4541092794852021,0.005494877727138163,256,3,0,15,0,0,0,15,15,0,0,0,0,0.0,0
benign,arxiv_2006.01195v1.pdf,data\raw\benign_arxiv_pdf\arxiv_2006.01195v1.pdf,902029,22,1,0,0,0,0.13636363636363635,document,0,0,0,0,0,1,1,0,0,0,11,7.769286549448361,7.765614183828889,0.38761503233266337,0.06640473865030946,256,23,0,20,0,0,0,20,20,0,0,0,0,0.0,0
benign,arxiv_2006.01784v1.pdf,data\raw\benign_arxiv_pdf\arxiv_2006.01784v1.pdf,393557,22,1,0,0,0,0.13636363636363635,document,0,0,0,0,0,1,1,0,0,0,3,7.783383404886788,7.809833394468744,0.4956689882278806,0.003249846909088137,256,2,0,10,0,0,0,10,10,0,0,0,0,0.0,0
benign,arxiv_2006.02046v2.pdf,data\raw\benign_arxiv_pdf\arxiv_2006.02046v2.pdf,2949509,22,1,0,0,0,0.13636363636363635,document,0,0,0,0,0,1,1,0,0,0,70,7.914524651087412,7.714464815802754,0.4259508955558366,0.019383565196783602,256,36,0,19,3,0,0,19,22,0,0,0,0,0.0,0
benign,arxiv_2006.02078v1.pdf,data\raw\benign_arxiv_pdf\arxiv_2006.02078v1.pdf,1378376,22,1,0,0,0,0.13636363636363635,document,0,0,0,0,0,1,1,0,0,0,20,7.730670771117743,7.762304004709677,0.5197652890067732,0.0028308676297323808,256,0,0,10,0,0,0,10,10,0,0,0,0,0.0,0
benign,arxiv_2006.02168v1.pdf,data\raw\benign_arxiv_pdf\arxiv_2006.02168v1.pdf,746867,22,1,0,0,0,0.13636363636363635,document,0,0,0,0,0,1,1,0,0,0,13,7.986907670399254,4.880882393947575,0.380493447963292,0.0028211180839426563,256,5,0,8,0,0,0,8,8,0,0,0,0,0.0,0
benign,arxiv_2006.02359v1.pdf,data\raw\benign_arxiv_pdf\arxiv_2006.02359v1.pdf,861886,22,1,0,0,0,0.13636363636363635,document,0,0,0,0,0,1,1,0,0,0,8,7.931201396937918,7.752880290247296,0.4223365967192877,0.005465920086879239,256,1,0,9,0,0,0,9,9,0,0,0,0,0.0,0
benign,arxiv_2006.02579v1.pdf,data\raw\benign_arxiv_pdf\arxiv_2006.02579v1.pdf,708528,22,1,0,0,0,0.13636363636363635,document,0,0,0,0,0,1,1,0,0,0,16,7.853430314935718,7.758719350391876,0.471900898764763,0.004500880699139624,256,9,0,18,0,0,0,18,18,0,0,0,0,0.0,0
benign,arxiv_2006.03201v1.pdf,data\raw\benign_arxiv_pdf\arxiv_2006.03201v1.pdf,8586799,22,1,0,0,0,0.13636363636363635,document,0,0,0,0,0,1,1,0,0,0,109,7.98669085904051,7.7666327581033485,0.37302340487997915,0.010922114282633144,256,0,0,10,1,0,0,10,11,0,0,0,0,0.0,0
benign,arxiv_2006.03472v1.pdf,data\raw\benign_arxiv_pdf\arxiv_2006.03472v1.pdf,3989160,22,1,0,0,0,0.13636363636363635,document,0,0,0,0,0,1,1,0,0,0,90,7.992055895523155,7.770170606052648,0.38684886041171573,0.002823902776524381,256,5,0,10,2,0,0,10,12,0,0,0,0,0.0,0
benign,arxiv_2006.04003v1.pdf,data\raw\benign_arxiv_pdf\arxiv_2006.04003v1.pdf,837465,22,1,0,0,0,0.13636363636363635,document,0,0,0,0,0,1,1,0,0,0,6,7.857945371231503,7.786343139015769,0.46903333273629344,0.006837300663311303,256,5,0,8,0,0,0,8,8,0,0,0,0,0.0,0
benign,arxiv_2006.04037v1.pdf,data\raw\benign_arxiv_pdf\arxiv_2006.04037v1.pdf,1730593,22,1,0,0,0,0.13636363636363635,document,0,0,0,0,0,1,1,0,0,0,18,7.944036188228079,7.741883996890078,0.40998374545603733,0.011482191364462933,256,8,0,16,0,0,0,16,16,0,0,0,0,0.0,0
benign,arxiv_2006.04161v1.pdf,data\raw\benign_arxiv_pdf\arxiv_2006.04161v1.pdf,5508693,22,1,0,0,0,0.13636363636363635,document,0,0,0,0,0,1,1,0,0,0,79,7.968837933810085,7.8150259080385345,0.3782508845564638,0.018707341287670234,256,18,0,18,0,0,0,18,18,0,0,0,0,0.0,0
benign,arxiv_2006.04216v1.pdf,data\raw\benign_arxiv_pdf\arxiv_2006.04216v1.pdf,2448384,22,1,0,0,0,0.13636363636363635,document,0,0,0,0,0,1,1,0,0,0,29,7.731507079064633,7.223307588979118,0.45242004522166457,0.051827246052906735,256,46,0,15,0,0,0,15,15,0,0,0,0,0.0,0
benign,arxiv_2006.04331v2.pdf,data\raw\benign_arxiv_pdf\arxiv_2006.04331v2.pdf,921226,22,1,0,0,0,0.13636363636363635,document,0,0,0,0,0,1,1,0,0,0,15,7.952096224223941,7.751427474608446,0.4184423800457217,0.007621365441270654,256,0,0,22,0,0,0,22,22,0,0,0,0,0.0,0
benign,arxiv_2006.04387v2.pdf,data\raw\benign_arxiv_pdf\arxiv_2006.04387v2.pdf,380553,22,1,0,0,0,0.13636363636363635,document,0,0,0,0,0,1,1,0,0,0,5,7.784813753259523,7.762719193260139,0.5011575260213427,0.002703959763817392,256,7,0,69,0,0,0,69,69,0,0,0,0,0.0,0
benign,arxiv_2006.04435v1.pdf,data\raw\benign_arxiv_pdf\arxiv_2006.04435v1.pdf,1543178,22,1,0,0,0,0.13636363636363635,document,0,0,0,0,0,1,1,0,0,0,24,7.952832838612444,7.714464815802754,0.4135608465128456,0.010454399946085286,256,4,0,27,0,0,0,27,27,0,0,0,0,0.0,0
benign,arxiv_2006.04497v1.pdf,data\raw\benign_arxiv_pdf\arxiv_2006.04497v1.pdf,1026624,22,1,0,0,0,0.13636363636363635,document,0,0,0,0,0,1,1,0,0,0,11,7.828369052822493,7.7775782184494675,0.48120051742410075,0.0033692958668412195,256,0,0,14,0,0,0,14,14,0,0,0,0,0.0,0
benign,arxiv_2006.04697v1.pdf,data\raw\benign_arxiv_pdf\arxiv_2006.04697v1.pdf,365696,22,1,0,0,0,0.13636363636363635,document,0,0,0,0,0,1,1,0,0,0,5,7.851232463806922,7.769446046294675,0.4734533601680084,0.003306024676233812,256,2,0,9,0,0,0,9,9,0,0,0,0,0.0,0
benign,arxiv_2006.04702v3.pdf,data\raw\benign_arxiv_pdf\arxiv_2006.04702v3.pdf,519036,22,1,0,0,0,0.13636363636363635,document,0,0,0,0,0,1,1,0,0,0,7,7.679906617976155,7.150745081960706,0.5385387526106089,0.0026684083570311114,256,141,0,39,0,0,0,39,39,0,0,0,0,0.0,0
benign,arxiv_2006.04707v1.pdf,data\raw\benign_arxiv_pdf\arxiv_2006.04707v1.pdf,207750,22,1,0,0,0,0.13636363636363635,document,0,0,0,0,0,1,1,0,0,0,1,7.773421724368119,7.656928478811865,0.5082406738868833,0.002421179302045728,256,7,0,14,0,0,0,14,14,0,0,0,0,0.0,0
benign,arxiv_2006.04757v3.pdf,data\raw\benign_arxiv_pdf\arxiv_2006.04757v3.pdf,347153,22,1,0,0,0,0.13636363636363635,document,0,0,0,0,0,1,1,0,0,0,4,7.772495679782792,7.722342469052498,0.49991214248472576,0.0035920761162945443,256,31,0,7,0,0,0,7,7,0,0,0,0,0.0,0
benign,arxiv_2006.05048v3.pdf,data\raw\benign_arxiv_pdf\arxiv_2006.05048v3.pdf,1667912,22,1,0,0,0,0.13636363636363635,document,0,0,0,0,0,1,1,0,0,0,13,7.533978147743485,7.74327660385969,0.5571103271635434,0.009522085098014763,256,10,0,8,0,0,0,8,8,0,0,0,0,0.0,0
benign,arxiv_2006.05255v1.pdf,data\raw\benign_arxiv_pdf\arxiv_2006.05255v1.pdf,5861329,22,1,0,0,0,0.13636363636363635,document,0,0,0,0,0,1,1,0,0,0,98,7.812814911756482,7.763482290026508,0.3622067623230158,0.05491689683346558,256,0,0,29,0,0,0,29,29,0,0,0,0,0.0,0
benign,arxiv_2006.05832v1.pdf,data\raw\benign_arxiv_pdf\arxiv_2006.05832v1.pdf,684352,22,1,0,0,0,0.13636363636363635,document,0,0,0,0,0,1,1,0,0,0,8,7.9829091202361955,7.714464815802754,0.3962434536612737,0.0073763209576358365,256,13,0,7,0,0,0,7,7,0,0,0,0,0.0,0
benign,arxiv_2006.05986v2.pdf,data\raw\benign_arxiv_pdf\arxiv_2006.05986v2.pdf,376554,22,1,0,0,0,0.13636363636363635,document,0,0,0,0,0,1,1,0,0,0,7,7.886967892343018,7.783145988277873,0.41377863467125564,0.007770465856158744,256,4,0,6,0,0,0,6,6,0,0,0,0,0.0,0
benign,arxiv_2006.08151v1.pdf,data\raw\benign_arxiv_pdf\arxiv_2006.08151v1.pdf,734512,22,1,0,0,0,0.13636363636363635,document,0,0,0,0,0,1,1,0,0,0,4,7.9893476365769995,6.713116482226801,0.38668939377436995,0.002808667523471366,256,0,0,19,0,0,0,19,19,0,0,0,0,0.0,0
benign,arxiv_2006.08331v1.pdf,data\raw\benign_arxiv_pdf\arxiv_2006.08331v1.pdf,548993,22,1,0,0,0,0.13636363636363635,document,0,0,0,0,0,1,1,0,0,0,6,7.616549287812133,7.769910315951703,0.3985897816547752,0.08323603397493229,256,5,0,5,0,0,0,5,5,0,0,0,0,0.0,0
benign,arxiv_2006.08333v2.pdf,data\raw\benign_arxiv_pdf\arxiv_2006.08333v2.pdf,326532,22,1,0,0,0,0.13636363636363635,document,0,0,0,0,0,1,1,0,0,0,1,7.9724689480145985,6.987762725893525,0.38963103156811585,0.011328139355407739,256,0,0,7,0,0,0,7,7,0,0,0,0,0.0,0
benign,arxiv_2006.14923v1.pdf,data\raw\benign_arxiv_pdf\arxiv_2006.14923v1.pdf,804318,22,1,0,0,0,0.13636363636363635,document,0,0,0,0,0,1,1,0,0,0,7,7.912971217811906,7.785429801016224,0.44174319112589794,0.008264144281241996,256,12,0,24,0,0,0,24,24,0,0,0,0,0.0,0
benign,arxiv_2006.15061v4.pdf,data\raw\benign_arxiv_pdf\arxiv_2006.15061v4.pdf,5583826,22,1,0,0,0,0.13636363636363635,document,0,0,0,0,0,1,1,0,0,0,72,7.937101351312533,7.008289886666603,0.36911590726501864,0.03072176675992411,256,6,0,19,0,0,0,19,19,0,0,0,0,0.0,0
benign,arxiv_2006.16950v1.pdf,data\raw\benign_arxiv_pdf\arxiv_2006.16950v1.pdf,314158,22,1,0,0,0,0.13636363636363635,document,0,0,0,0,0,1,1,0,0,0,5,7.89912150177934,7.8134826421135735,0.4503339084155107,0.005646840125032627,256,0,0,6,0,0,0,6,6,0,0,0,0,0.0,0
benign,arxiv_2007.01833v1.pdf,data\raw\benign_arxiv_pdf\arxiv_2007.01833v1.pdf,579279,22,1,0,0,0,0.13636363636363635,document,0,0,0,0,0,1,1,0,0,0,9,7.867502333548371,7.764720818785295,0.38771818070394404,0.04370432900208708,256,4,0,6,0,0,0,6,6,0,0,0,0,0.0,0
benign,arxiv_2007.02114v1.pdf,data\raw\benign_arxiv_pdf\arxiv_2007.02114v1.pdf,686889,22,1,0,0,0,0.13636363636363635,document,0,0,0,0,0,1,1,0,0,0,11,7.871752927514133,7.735588299833713,0.46549442486340586,0.0032654475468379897,256,10,0,7,0,0,0,7,7,0,0,0,0,0.0,0
benign,arxiv_2007.02515v1.pdf,data\raw\benign_arxiv_pdf\arxiv_2007.02515v1.pdf,2134922,22,1,0,0,0,0.13636363636363635,document,0,0,0,0,0,1,1,0,0,0,36,7.972984500789141,7.075983215503743,0.37390358992038114,0.018641430459754502,256,0,0,8,0,0,0,8,8,0,0,0,0,0.0,0
benign,arxiv_2007.02559v1.pdf,data\raw\benign_arxiv_pdf\arxiv_2007.02559v1.pdf,398797,22,1,0,0,0,0.13636363636363635,document,0,0,0,0,0,1,1,0,0,0,5,7.768690252981299,7.755374805239935,0.50498123105239,0.003144456954290027,256,6,0,8,0,0,0,8,8,0,0,0,0,0.0,0
benign,arxiv_2007.03575v1.pdf,data\raw\benign_arxiv_pdf\arxiv_2007.03575v1.pdf,552094,22,1,0,0,0,0.13636363636363635,document,0,0,0,0,0,1,1,0,0,0,8,7.792335446718965,7.72928360466289,0.4034149981706014,0.025535506634739736,256,9,0,47,0,0,0,47,47,0,0,0,0,0.0,0
benign,arxiv_2007.03926v1.pdf,data\raw\benign_arxiv_pdf\arxiv_2007.03926v1.pdf,1009335,22,1,0,0,0,0.13636363636363635,document,0,0,0,0,0,1,1,0,0,0,4,7.664180222004154,5.039448348693875,0.5362362347486216,0.0030812366558179397,256,20,0,14,0,0,0,14,14,0,0,0,0,0.0,0
benign,arxiv_2007.03964v1.pdf,data\raw\benign_arxiv_pdf\arxiv_2007.03964v1.pdf,7101158,22,1,0,0,0,0.13636363636363635,document,0,0,0,0,0,1,1,0,0,0,111,7.995597841471422,6.948860212660418,0.37186878534458745,0.0032834081427282704,256,0,0,0,8,0,0,0,8,0,0,0,0,0.0,0
benign,arxiv_2007.04456v1.pdf,data\raw\benign_arxiv_pdf\arxiv_2007.04456v1.pdf,311346,22,1,0,0,0,0.13636363636363635,document,0,0,0,0,0,1,1,0,0,0,8,7.9259056163055535,6.761661613439825,0.3963179228254097,0.01558394840466876,256,5,0,14,0,0,0,14,14,0,0,0,0,0.0,0
benign,arxiv_2007.04908v2.pdf,data\raw\benign_arxiv_pdf\arxiv_2007.04908v2.pdf,994620,22,1,0,0,0,0.13636363636363635,document,0,0,0,0,0,1,1,0,0,0,17,7.915157100455513,7.570268608841887,0.388831915706501,0.02890551165269148,256,12,0,10,0,0,0,10,10,0,0,0,0,0.0,0
benign,arxiv_2007.04979v1.pdf,data\raw\benign_arxiv_pdf\arxiv_2007.04979v1.pdf,7622652,22,1,0,0,0,0.13636363636363635,document,0,0,0,0,0,1,1,0,0,0,147,7.9775695833562885,7.76362271400811,0.38715279144318804,0.011275209730156907,256,8,0,15,0,0,0,15,15,0,0,0,0,0.0,0
benign,arxiv_2007.05683v1.pdf,data\raw\benign_arxiv_pdf\arxiv_2007.05683v1.pdf,641511,22,1,0,0,0,0.13636363636363635,document,0,0,0,0,0,1,1,0,0,0,4,7.914581204055677,7.783704294919282,0.3925419829122182,0.022660562328627256,256,8,0,9,0,0,0,9,9,0,0,0,0,0.0,0
benign,arxiv_2007.05896v1.pdf,data\raw\benign_arxiv_pdf\arxiv_2007.05896v1.pdf,1654491,22,1,0,0,0,0.13636363636363635,document,0,0,0,0,0,1,1,0,0,0,38,7.855849276970543,7.765538285905893,0.46113215484399733,0.008052023250655337,256,26,0,14,0,0,0,14,14,0,0,0,0,0.0,0
benign,arxiv_2007.06207v1.pdf,data\raw\benign_arxiv_pdf\arxiv_2007.06207v1.pdf,1251227,22,1,0,0,0,0.13636363636363635,document,0,0,0,0,0,1,1,0,0,0,26,7.961931471068234,7.781727602100319,0.39361922337033967,0.010691105610732506,256,2,0,7,0,0,0,7,7,0,0,0,0,0.0,0
benign,arxiv_2007.06292v1.pdf,data\raw\benign_arxiv_pdf\arxiv_2007.06292v1.pdf,3680526,22,1,0,0,0,0.13636363636363635,document,0,0,0,0,0,1,1,0,0,0,80,7.539722454310142,7.7824105166918995,0.5592703325557271,0.00407115722046251,256,29,0,14,0,0,0,14,14,0,0,0,0,0.0,0
benign,arxiv_2007.06869v1.pdf,data\raw\benign_arxiv_pdf\arxiv_2007.06869v1.pdf,597818,22,1,0,0,0,0.13636363636363635,document,0,0,0,0,0,1,1,0,0,0,11,7.954150527204186,7.740549364178623,0.40999100060553545,0.012157546276625996,256,0,0,13,0,0,0,13,13,0,0,0,0,0.0,0
benign,arxiv_2007.06918v1.pdf,data\raw\benign_arxiv_pdf\arxiv_2007.06918v1.pdf,2409416,22,1,0,0,0,0.13636363636363635,document,0,0,0,0,0,1,1,0,0,0,38,7.978476615648682,5.826932914994146,0.38669370503059664,0.011932767110370314,256,6,0,13,0,0,0,13,13,0,0,0,0,0.0,0
benign,arxiv_2007.07011v2.pdf,data\raw\benign_arxiv_pdf\arxiv_2007.07011v2.pdf,2057542,22,1,0,0,0,0.13636363636363635,document,0,0,0,0,0,1,1,0,0,0,16,7.250485132048094,7.726356686196701,0.6302597954258042,0.002177355310365475,256,22,0,35,0,0,0,35,35,0,0,0,0,0.0,0
benign,arxiv_2007.07170v2.pdf,data\raw\benign_arxiv_pdf\arxiv_2007.07170v2.pdf,4305291,22,1,0,0,0,0.13636363636363635,document,0,0,0,0,0,1,1,0,0,0,52,7.989783467749625,7.75790868858842,0.3886011421759876,0.0030499680509401108,256,35,3,10,1,0,0,10,11,0,0,0,0,0.0,0
benign,arxiv_2007.07218v1.pdf,data\raw\benign_arxiv_pdf\arxiv_2007.07218v1.pdf,926465,22,1,0,0,0,0.13636363636363635,document,0,0,0,0,0,1,1,0,0,0,13,7.919943923556715,7.760322108437618,0.3982417036801174,0.02824175764869693,256,0,0,15,0,0,0,15,15,0,0,0,0,0.0,0
benign,arxiv_2007.07768v2.pdf,data\raw\benign_arxiv_pdf\arxiv_2007.07768v2.pdf,214506,22,1,0,0,0,0.13636363636363635,document,0,0,0,0,0,1,1,0,0,0,5,7.862526003267585,7.743791438080142,0.47097517085769164,0.003100146382851762,256,0,0,11,0,0,0,11,11,0,0,0,0,0.0,0
benign,arxiv_2007.07825v1.pdf,data\raw\benign_arxiv_pdf\arxiv_2007.07825v1.pdf,1190469,22,1,0,0,0,0.13636363636363635,document,0,0,0,0,0,1,1,0,0,0,14,7.985689244267489,6.511165008281313,0.38248791022697776,0.010531983613181023,256,0,0,21,0,0,0,21,21,0,0,0,0,0.0,0
benign,arxiv_2007.08351v1.pdf,data\raw\benign_arxiv_pdf\arxiv_2007.08351v1.pdf,260078,22,1,0,0,0,0.13636363636363635,document,0,0,0,0,0,1,1,0,0,0,7,7.707761845098789,7.787620619719145,0.5295449826590485,0.002706880243619222,256,25,0,58,0,0,0,58,58,0,0,0,0,0.0,0
benign,arxiv_2007.08451v1.pdf,data\raw\benign_arxiv_pdf\arxiv_2007.08451v1.pdf,481128,22,1,0,0,0,0.13636363636363635,document,0,0,0,0,0,1,1,0,0,0,6,7.758549681456433,7.784286925717303,0.49451289469746096,0.016195274438403087,256,16,0,8,0,0,0,8,8,0,0,0,0,0.0,0
benign,arxiv_2007.08459v2.pdf,data\raw\benign_arxiv_pdf\arxiv_2007.08459v2.pdf,1684781,22,1,0,0,0,0.13636363636363635,document,0,0,0,0,0,1,1,0,0,0,46,7.835453437539096,7.765805982120368,0.4652278248626973,0.011908372660897766,256,27,0,17,0,0,0,17,17,0,0,0,0,0.0,0
benign,arxiv_2007.08557v1.pdf,data\raw\benign_arxiv_pdf\arxiv_2007.08557v1.pdf,922635,22,1,0,0,0,0.13636363636363635,document,0,0,0,0,0,1,1,0,0,0,10,7.92894464421122,7.738243115700425,0.43527939000796634,0.0030185284538306045,256,0,0,17,0,0,0,17,17,0,0,0,0,0.0,0
benign,arxiv_2007.08690v1.pdf,data\raw\benign_arxiv_pdf\arxiv_2007.08690v1.pdf,1675128,22,1,0,0,0,0.13636363636363635,document,0,0,0,0,0,1,1,0,0,0,31,7.988139667682819,6.588692875933308,0.3919939252403398,0.0045381606659312,256,5,0,34,0,0,0,34,34,0,0,0,0,0.0,0
benign,arxiv_2007.09540v1.pdf,data\raw\benign_arxiv_pdf\arxiv_2007.09540v1.pdf,447568,22,1,0,0,0,0.13636363636363635,document,0,0,0,0,0,1,1,0,0,0,5,7.793766180650221,7.807533122020919,0.4259710256318593,0.04046312515640082,256,6,0,9,0,0,0,9,9,0,0,0,0,0.0,0
benign,arxiv_2007.09815v3.pdf,data\raw\benign_arxiv_pdf\arxiv_2007.09815v3.pdf,3298769,22,1,0,0,0,0.13636363636363635,document,0,0,0,0,0,1,1,0,0,0,40,7.969312609600772,7.714464815802754,0.4041853188265077,0.008504384514344593,256,5,0,15,0,0,0,15,15,0,0,0,0,0.0,0
benign,arxiv_2007.10018v1.pdf,data\raw\benign_arxiv_pdf\arxiv_2007.10018v1.pdf,1842979,22,1,0,0,0,0.13636363636363635,document,0,0,0,0,0,1,1,0,0,0,28,7.983019648157826,7.779445292009185,0.3891172932518493,0.011217707852341236,256,1,0,8,0,0,0,8,8,0,0,0,0,0.0,0
benign,arxiv_2007.10400v1.pdf,data\raw\benign_arxiv_pdf\arxiv_2007.10400v1.pdf,12303553,22,1,0,0,0,0.13636363636363635,document,0,0,0,0,0,1,1,0,0,0,209,7.924846967332475,7.754653568937266,0.3727375336213856,0.03323487126035869,256,89,0,10,0,0,0,10,10,0,0,0,0,0.0,0
benign,arxiv_2007.10420v1.pdf,data\raw\benign_arxiv_pdf\arxiv_2007.10420v1.pdf,8167988,22,1,0,0,0,0.13636363636363635,document,0,0,0,0,0,1,1,0,0,0,144,7.993957978392978,6.286278354285564,0.3757654883920006,0.007361053909481748,256,0,0,6,0,0,0,6,6,0,0,0,0,0.0,0
benign,arxiv_2007.11038v1.pdf,data\raw\benign_arxiv_pdf\arxiv_2007.11038v1.pdf,676562,22,1,0,0,0,0.13636363636363635,document,0,0,0,0,0,1,1,0,0,0,10,7.9592522579486245,6.31481503696254,0.38605774489255973,0.015856639894052577,256,24,0,15,0,0,0,15,15,0,0,0,0,0.0,0
benign,arxiv_2007.12020v1.pdf,data\raw\benign_arxiv_pdf\arxiv_2007.12020v1.pdf,644181,22,1,0,0,0,0.13636363636363635,document,0,0,0,0,0,1,1,0,0,0,13,7.923334286543681,7.800885572305443,0.4217603437543175,0.01699677575091473,256,4,0,11,0,0,0,11,11,0,0,0,0,0.0,0
benign,arxiv_2007.12447v1.pdf,data\raw\benign_arxiv_pdf\arxiv_2007.12447v1.pdf,6278653,22,1,0,0,0,0.13636363636363635,document,0,0,0,0,0,1,1,0,0,0,121,7.985119666442316,7.829213677425225,0.37222569872869227,0.0137040540383423,256,6,0,11,1,0,0,11,12,0,0,0,0,0.0,0
benign,arxiv_2007.12500v1.pdf,data\raw\benign_arxiv_pdf\arxiv_2007.12500v1.pdf,2043312,22,1,0,0,0,0.13636363636363635,document,0,0,0,0,0,1,1,0,0,0,67,7.963431072324508,7.723936513428706,0.36316088781351064,0.014781883530268505,256,0,0,0,0,0,0,0,0,0,0,0,0,0.0,0
benign,arxiv_2007.12631v1.pdf,data\raw\benign_arxiv_pdf\arxiv_2007.12631v1.pdf,285578,22,1,0,0,0,0.13636363636363635,document,0,0,0,0,0,1,1,0,0,0,3,7.878363538396566,7.165885977090958,0.4609983962350041,0.003977897457087031,256,17,0,9,0,0,0,9,9,0,0,0,0,0.0,0
benign,arxiv_2007.12731v1.pdf,data\raw\benign_arxiv_pdf\arxiv_2007.12731v1.pdf,1140526,22,1,0,0,0,0.13636363636363635,document,0,0,0,0,0,1,1,0,0,0,17,7.908980468567497,7.714464815802754,0.4012753764491121,0.02681920447232242,256,21,0,16,0,0,0,16,16,0,0,0,0,0.0,0
benign,arxiv_2007.12799v2.pdf,data\raw\benign_arxiv_pdf\arxiv_2007.12799v2.pdf,1314532,22,1,0,0,0,0.13636363636363635,document,0,0,0,0,0,1,1,0,0,0,13,7.937041636438166,7.764812363661807,0.42484093198187645,0.004062282241892932,256,3,0,16,2,0,0,16,18,0,0,0,0,0.0,0
benign,arxiv_2007.13483v2.pdf,data\raw\benign_arxiv_pdf\arxiv_2007.13483v2.pdf,150352,22,1,0,0,0,0.13636363636363635,document,0,0,0,0,0,1,1,0,0,0,0,7.784908109550791,7.796879282214726,0.49750585293178673,0.003159252953070129,256,9,0,4,0,0,0,4,4,0,0,0,0,0.0,0
benign,arxiv_2007.13729v1.pdf,data\raw\benign_arxiv_pdf\arxiv_2007.13729v1.pdf,3624190,22,1,0,0,0,0.13636363636363635,document,0,0,0,0,0,1,1,0,0,0,62,7.989517613605309,7.764686221050684,0.39028169052947004,0.004976836203399932,256,7,0,7,0,0,0,7,7,0,0,0,0,0.0,0
benign,arxiv_2007.14075v1.pdf,data\raw\benign_arxiv_pdf\arxiv_2007.14075v1.pdf,479464,22,1,0,0,0,0.13636363636363635,document,0,0,0,0,0,1,1,0,0,0,10,7.9074116310397615,7.754096636782923,0.44257128793819767,0.0076564663874660035,256,6,0,7,0,0,0,7,7,0,0,0,0,0.0,0
benign,arxiv_2007.14175v2.pdf,data\raw\benign_arxiv_pdf\arxiv_2007.14175v2.pdf,115218,22,1,0,0,0,0.13636363636363635,document,0,0,0,0,0,1,1,0,0,0,1,7.675352148921953,7.748429642986947,0.5427710947942161,0.0018920654758805048,256,16,0,36,0,0,0,36,36,0,0,0,0,0.0,0
benign,arxiv_2007.14677v1.pdf,data\raw\benign_arxiv_pdf\arxiv_2007.14677v1.pdf,327625,22,1,0,0,0,0.13636363636363635,document,0,0,0,0,0,1,1,0,0,0,6,7.870637928256864,7.775261911305513,0.45399160625715373,0.014470812666921023,256,5,0,8,0,0,0,8,8,0,0,0,0,0.0,0
benign,arxiv_2007.15236v1.pdf,data\raw\benign_arxiv_pdf\arxiv_2007.15236v1.pdf,1725099,22,1,0,0,0,0.13636363636363635,document,0,0,0,0,0,1,1,0,0,0,46,7.982934078717135,7.713069473022428,0.39729951730306495,0.0036137056481975816,256,22,0,6,0,0,0,6,6,0,0,0,0,0.0,0
benign,arxiv_2007.15338v1.pdf,data\raw\benign_arxiv_pdf\arxiv_2007.15338v1.pdf,827720,22,1,0,0,0,0.13636363636363635,document,0,0,0,0,0,1,1,0,0,0,10,7.896450730619065,7.745160798614807,0.4095599961339583,0.02817740298651718,256,1,0,6,0,0,0,6,6,0,0,0,0,0.0,0
benign,arxiv_2007.15703v1.pdf,data\raw\benign_arxiv_pdf\arxiv_2007.15703v1.pdf,1765146,22,1,0,0,0,0.13636363636363635,document,0,0,0,0,0,1,1,0,0,0,25,7.947273336348574,7.786771056785658,0.3656994945460602,0.012206922260254958,256,0,0,7,0,0,0,7,7,0,0,0,0,0.0,0
benign,arxiv_2007.16009v1.pdf,data\raw\benign_arxiv_pdf\arxiv_2007.16009v1.pdf,183712,22,1,0,0,0,0.13636363636363635,document,0,0,0,0,0,1,1,0,0,0,1,7.75264274256525,7.783782817369883,0.5070545201184463,0.0029121668698832955,256,0,0,5,0,0,0,5,5,0,0,0,0,0.0,0
benign,arxiv_2007.16089v1.pdf,data\raw\benign_arxiv_pdf\arxiv_2007.16089v1.pdf,977398,22,1,0,0,0,0.13636363636363635,document,0,0,0,0,0,1,1,0,0,0,21,7.9754733519256815,7.765284199491656,0.36471529509984674,0.0155310323941731,256,7,0,1,0,0,0,1,1,0,0,0,0,0.0,0
benign,arxiv_2007.16122v2.pdf,data\raw\benign_arxiv_pdf\arxiv_2007.16122v2.pdf,1570631,22,1,0,0,0,0.13636363636363635,document,0,0,0,0,0,1,1,0,0,0,25,7.9661578994394935,7.714464815802754,0.4148103532911295,0.003960828482310613,256,8,0,14,1,0,0,14,15,0,0,0,0,0.0,0
benign,arxiv_2008.00150v1.pdf,data\raw\benign_arxiv_pdf\arxiv_2008.00150v1.pdf,1399958,22,1,0,0,0,0.13636363636363635,document,0,0,0,0,0,1,1,0,0,0,22,7.975339253821245,6.7265807183925395,0.3951554260913542,0.003627965981836598,256,2,1,23,0,0,0,23,23,0,0,0,0,0.0,0
benign,arxiv_2008.00178v1.pdf,data\raw\benign_arxiv_pdf\arxiv_2008.00178v1.pdf,9941220,22,1,0,0,0,0.13636363636363635,document,0,0,0,0,0,1,1,0,0,0,139,7.9975389662016765,7.792168907753202,0.37036792264933277,0.004831197780554097,256,2,0,6,0,0,0,6,6,0,0,0,0,0.0,0
benign,arxiv_2008.00208v1.pdf,data\raw\benign_arxiv_pdf\arxiv_2008.00208v1.pdf,3193470,22,1,0,0,0,0.13636363636363635,document,0,0,0,0,0,1,1,0,0,0,27,7.943573406299519,6.50777070021553,0.42474800139033714,0.002791321039496222,256,10,0,13,18,0,0,13,31,0,0,0,0,0.0,0
benign,arxiv_2008.00304v1.pdf,data\raw\benign_arxiv_pdf\arxiv_2008.00304v1.pdf,521493,22,1,0,0,0,0.13636363636363635,document,0,0,0,0,0,1,1,0,0,0,8,7.981227842691876,6.94687285694321,0.39482217402726405,0.007722059548258557,256,0,0,7,0,0,0,7,7,0,0,0,0,0.0,0
benign,arxiv_2008.00363v1.pdf,data\raw\benign_arxiv_pdf\arxiv_2008.00363v1.pdf,5342003,22,1,0,0,0,0.13636363636363635,document,0,0,0,0,0,1,1,0,0,0,101,7.992487353018369,7.806456573575904,0.37273921411126126,0.009061207940167761,256,4,0,5,1,0,0,5,6,0,0,0,0,0.0,0
benign,arxiv_2008.00408v1.pdf,data\raw\benign_arxiv_pdf\arxiv_2008.00408v1.pdf,263906,22,1,0,0,0,0.13636363636363635,document,0,0,0,0,0,1,1,0,0,0,9,7.942077558534291,7.73245951300823,0.42885345539699743,0.0031829515054602776,256,0,0,0,0,0,0,0,0,0,0,0,0,0.0,0
benign,arxiv_2008.00463v1.pdf,data\raw\benign_arxiv_pdf\arxiv_2008.00463v1.pdf,245753,22,1,0,0,0,0.13636363636363635,document,0,0,0,0,0,1,1,0,0,0,3,7.635079569456526,7.753911212165899,0.5469190610084109,0.0026774851171704923,256,11,0,14,0,0,0,14,14,0,0,0,0,0.0,0
benign,arxiv_2008.00614v1.pdf,data\raw\benign_arxiv_pdf\arxiv_2008.00614v1.pdf,2423473,22,1,0,0,0,0.13636363636363635,document,0,0,0,0,0,1,1,0,0,0,26,7.8325285172431585,7.776288908793696,0.3833713022591958,0.04114632182821926,256,3,0,11,1,0,0,11,12,0,0,0,0,0.0,0
benign,arxiv_2008.00699v1.pdf,data\raw\benign_arxiv_pdf\arxiv_2008.00699v1.pdf,2658787,22,1,0,0,0,0.13636363636363635,document,0,0,0,0,0,1,1,0,0,0,36,7.99124214441017,7.6496365096856165,0.3851812875570702,0.005388547484247516,256,1,0,14,1,0,0,14,15,0,0,0,0,0.0,0
benign,arxiv_2008.01415v2.pdf,data\raw\benign_arxiv_pdf\arxiv_2008.01415v2.pdf,297501,22,1,0,0,0,0.13636363636363635,document,0,0,0,0,0,1,1,0,0,0,4,7.749921398450132,7.747733944117829,0.5165192722041271,0.002719318590525746,256,27,0,82,0,0,0,82,82,0,0,0,0,0.0,0
benign,arxiv_2008.01609v1.pdf,data\raw\benign_arxiv_pdf\arxiv_2008.01609v1.pdf,255944,22,1,0,0,0,0.13636363636363635,document,0,0,0,0,0,1,1,0,0,0,7,7.771642666319129,7.74779960384374,0.505024536617385,0.003153033476072891,256,10,0,26,0,0,0,26,26,0,0,0,0,0.0,0
benign,arxiv_2008.01641v1.pdf,data\raw\benign_arxiv_pdf\arxiv_2008.01641v1.pdf,9774328,22,1,0,0,0,0.13636363636363635,document,0,0,0,0,0,1,1,0,0,0,150,7.895511408946572,7.7710867396691015,0.3639999598949411,0.03784843316082701,256,16,0,39,1,0,0,39,40,0,0,0,0,0.0,0
benign,arxiv_2008.01700v2.pdf,data\raw\benign_arxiv_pdf\arxiv_2008.01700v2.pdf,203112,22,1,0,0,0,0.13636363636363635,document,0,0,0,0,0,1,1,0,0,0,4,7.88899050595948,7.572458439973507,0.42314092717318524,0.023853834337705306,256,0,0,3,0,0,0,3,3,0,0,0,0,0.0,0
benign,arxiv_2008.02018v1.pdf,data\raw\benign_arxiv_pdf\arxiv_2008.02018v1.pdf,216044,22,1,0,0,0,0.13636363636363635,document,0,0,0,0,0,1,1,0,0,0,4,7.746638082573194,7.761562375870417,0.5171122549110366,0.0028466423506322788,256,11,0,55,0,0,0,55,55,0,0,0,0,0.0,0
benign,arxiv_2008.02312v4.pdf,data\raw\benign_arxiv_pdf\arxiv_2008.02312v4.pdf,1619217,22,1,0,0,0,0.13636363636363635,document,0,0,0,0,0,1,1,0,0,0,136,7.909299136867521,5.891520992798484,0.43445134284039755,0.011165890674319749,256,1,3,123,0,0,0,123,123,0,0,0,0,0.0,0
benign,arxiv_2008.02616v2.pdf,data\raw\benign_arxiv_pdf\arxiv_2008.02616v2.pdf,1947675,22,1,0,0,0,0.13636363636363635,document,0,0,0,0,0,1,1,0,0,0,12,7.491702600046395,7.756310415095473,0.5803226924409873,0.016456544341330048,256,63,0,15,0,0,0,15,15,0,0,0,0,0.0,0
benign,arxiv_2008.02646v1.pdf,data\raw\benign_arxiv_pdf\arxiv_2008.02646v1.pdf,4770845,22,1,0,0,0,0.13636363636363635,document,0,0,0,0,0,1,1,0,0,0,92,7.98548820093307,4.285953149023372,0.3761759185217713,0.010492690498224109,256,2,0,11,1,0,0,11,12,0,0,0,0,0.0,0
benign,arxiv_2008.02735v1.pdf,data\raw\benign_arxiv_pdf\arxiv_2008.02735v1.pdf,124663,22,1,0,0,0,0.13636363636363635,document,0,0,0,0,0,1,1,0,0,0,0,7.681070427740094,7.784807871317883,0.5416522945862045,0.0022701202441783048,256,8,0,41,0,0,0,41,41,0,0,0,0,0.0,0
benign,arxiv_2008.03323v3.pdf,data\raw\benign_arxiv_pdf\arxiv_2008.03323v3.pdf,449438,22,1,0,0,0,0.13636363636363635,document,0,0,0,0,0,1,1,0,0,0,7,7.928056145666452,7.786238556847694,0.4231417904138057,0.013866206239792808,256,2,0,9,0,0,0,9,9,0,0,0,0,0.0,0
benign,arxiv_2008.03519v1.pdf,data\raw\benign_arxiv_pdf\arxiv_2008.03519v1.pdf,783149,22,1,0,0,0,0.13636363636363635,document,0,0,0,0,0,1,1,0,0,0,6,7.937830145074374,7.760700654694425,0.4214229986886276,0.012549336077808948,256,0,0,7,0,0,0,7,7,0,0,0,0,0.0,0
benign,arxiv_2008.03707v1.pdf,data\raw\benign_arxiv_pdf\arxiv_2008.03707v1.pdf,478697,22,1,0,0,0,0.13636363636363635,document,0,0,0,0,0,1,1,0,0,0,8,7.622566196311102,7.805375638884893,0.5508891845990261,0.003214977323860396,256,8,0,64,0,0,0,64,64,0,0,0,0,0.0,0
benign,arxiv_2008.03787v1.pdf,data\raw\benign_arxiv_pdf\arxiv_2008.03787v1.pdf,1706504,22,1,0,0,0,0.13636363636363635,document,0,0,0,0,0,1,1,0,0,0,69,7.980228587464265,7.634478875355647,0.3905258938742599,0.008688523437390126,256,0,0,48,0,0,0,48,48,0,0,0,0,0.0,0
benign,arxiv_2008.03900v2.pdf,data\raw\benign_arxiv_pdf\arxiv_2008.03900v2.pdf,214569,22,1,0,0,0,0.13636363636363635,document,0,0,0,0,0,1,1,0,0,0,2,7.750846466789018,7.755822966271916,0.5144825207742032,0.002968741989756209,256,16,0,22,0,0,0,22,22,0,0,0,0,0.0,0
benign,arxiv_2008.04105v1.pdf,data\raw\benign_arxiv_pdf\arxiv_2008.04105v1.pdf,4316841,22,1,0,0,0,0.13636363636363635,document,0,0,0,0,0,1,1,0,0,0,97,7.977014761995803,7.770795649105385,0.3969268268161834,0.007504330134003082,256,22,1,14,0,0,0,14,14,0,0,0,0,0.0,0
benign,arxiv_2008.04165v2.pdf,data\raw\benign_arxiv_pdf\arxiv_2008.04165v2.pdf,334233,22,1,0,0,0,0.13636363636363635,document,0,0,0,0,0,1,1,0,0,0,6,7.731815207431904,7.756576325882974,0.5181146086711964,0.002692732315480518,256,12,0,63,0,0,0,63,63,0,0,0,0,0.0,0
benign,arxiv_2008.04256v1.pdf,data\raw\benign_arxiv_pdf\arxiv_2008.04256v1.pdf,278623,22,1,0,0,0,0.13636363636363635,document,0,0,0,0,0,1,1,0,0,0,4,7.626093099782373,7.74633015179073,0.5538272145515625,0.0024226284262246836,256,9,0,60,0,0,0,60,60,0,0,0,0,0.0,0
benign,arxiv_2008.04407v1.pdf,data\raw\benign_arxiv_pdf\arxiv_2008.04407v1.pdf,559847,22,1,0,0,0,0.13636363636363635,document,0,0,0,0,0,1,1,0,0,0,8,7.948402322135383,7.745891301479601,0.4142417481919167,0.013530482435379666,256,2,0,10,0,0,0,10,10,0,0,0,0,0.0,0
benign,arxiv_2008.04774v2.pdf,data\raw\benign_arxiv_pdf\arxiv_2008.04774v2.pdf,1386322,22,1,0,0,0,0.13636363636363635,document,0,0,0,0,0,1,1,0,0,0,15,7.895264986714039,5.039448348693875,0.4491597190263157,0.00664203554441176,256,4,0,21,0,0,0,21,21,0,0,0,0,0.0,0
benign,arxiv_2008.04970v1.pdf,data\raw\benign_arxiv_pdf\arxiv_2008.04970v1.pdf,720320,22,1,0,0,0,0.13636363636363635,document,0,0,0,0,0,1,1,0,0,0,12,7.988658750216713,7.077872958566334,0.38875777432252334,0.006999666814749001,256,6,0,0,0,0,0,0,0,0,0,0,0,0.0,0
benign,arxiv_2008.05239v3.pdf,data\raw\benign_arxiv_pdf\arxiv_2008.05239v3.pdf,6884114,22,1,0,0,0,0.13636363636363635,document,0,0,0,0,0,1,1,0,0,0,79,7.990323671931835,7.772425936482083,0.36884615798053316,0.008835269142841039,256,21,0,10,0,0,0,10,10,0,0,0,0,0.0,0
benign,arxiv_2008.05580v1.pdf,data\raw\benign_arxiv_pdf\arxiv_2008.05580v1.pdf,2678391,22,1,0,0,0,0.13636363636363635,document,0,0,0,0,0,1,1,0,0,0,42,7.943550080947313,7.747601076495181,0.37056762810209565,0.01769233842258281,256,12,0,0,1,0,0,0,1,0,0,0,0,0.0,0
benign,arxiv_2008.05789v1.pdf,data\raw\benign_arxiv_pdf\arxiv_2008.05789v1.pdf,2646549,22,1,0,0,0,0.13636363636363635,document,0,0,0,0,0,1,1,0,0,0,148,7.972349736245838,7.714464815802754,0.4015500941036799,0.007785232769164674,256,2,0,52,0,0,0,52,52,0,0,0,0,0.0,0
benign,arxiv_2008.06073v1.pdf,data\raw\benign_arxiv_pdf\arxiv_2008.06073v1.pdf,1108249,22,1,0,0,0,0.13636363636363635,document,0,0,0,0,0,1,1,0,0,0,32,7.883840075574132,7.171921672653565,0.4185783158838853,0.01391474298645882,256,12,0,9,0,0,0,9,9,0,0,0,0,0.0,0
benign,arxiv_2008.06626v1.pdf,data\raw\benign_arxiv_pdf\arxiv_2008.06626v1.pdf,2707007,22,1,0,0,0,0.13636363636363635,document,0,0,0,0,0,1,1,0,0,0,26,7.97331999379291,7.766078719746504,0.381123137103081,0.0033919380334073755,256,3,0,19,0,0,0,19,19,0,0,0,0,0.0,0
benign,arxiv_2008.06693v4.pdf,data\raw\benign_arxiv_pdf\arxiv_2008.06693v4.pdf,1395478,22,1,0,0,0,0.13636363636363635,document,0,0,0,0,0,1,1,0,0,0,18,7.880551299555838,5.039448348693875,0.45459691947848696,0.010589203126097294,256,357,0,7,0,0,0,7,7,0,0,0,0,0.0,0
benign,arxiv_2008.06696v1.pdf,data\raw\benign_arxiv_pdf\arxiv_2008.06696v1.pdf,372011,22,1,0,0,0,0.13636363636363635,document,0,0,0,0,0,1,1,0,0,0,5,7.908003725644328,7.758156589637157,0.4218047315805178,0.02187838531656322,256,0,0,7,0,0,0,7,7,0,0,0,0,0.0,0
benign,arxiv_2008.06775v1.pdf,data\raw\benign_arxiv_pdf\arxiv_2008.06775v1.pdf,1796122,22,1,0,0,0,0.13636363636363635,document,0,0,0,0,0,1,1,0,0,0,41,7.907511203738885,7.7727648837666825,0.44970163496688975,0.0051533247741523125,256,4,0,28,1,0,0,28,29,0,0,0,0,0.0,0
benign,arxiv_2008.07328v1.pdf,data\raw\benign_arxiv_pdf\arxiv_2008.07328v1.pdf,736199,22,1,0,0,0,0.13636363636363635,document,0,0,0,0,0,1,1,0,0,0,16,7.866510466686505,6.245577946824581,0.38531973012731613,0.025167108349780427,256,5,0,20,0,0,0,20,20,0,0,0,0,0.0,0
benign,arxiv_2008.10114v1.pdf,data\raw\benign_arxiv_pdf\arxiv_2008.10114v1.pdf,1823036,22,1,0,0,0,0.13636363636363635,document,0,0,0,0,0,1,1,0,0,0,28,7.966159645439692,5.955958322989512,0.3970865084397675,0.006621372260339346,256,42,0,44,0,0,0,44,44,0,0,0,0,0.0,0
benign,arxiv_2008.10148v1.pdf,data\raw\benign_arxiv_pdf\arxiv_2008.10148v1.pdf,7733811,22,1,0,0,0,0.13636363636363635,document,0,0,0,0,0,1,1,0,0,0,152,7.962809595545145,7.765521640714124,0.4075402152961845,0.009337957702871198,256,47,0,9,0,0,0,9,9,0,0,0,0,0.0,0
benign,arxiv_2009.00803v1.pdf,data\raw\benign_arxiv_pdf\arxiv_2009.00803v1.pdf,1019026,22,1,0,0,0,0.13636363636363635,document,0,0,0,0,0,1,1,0,0,0,19,7.979422522168535,3.8183994269601826,0.3840932419781242,0.01136477381342576,256,5,0,0,0,0,0,0,0,0,0,0,0,0.0,0
benign,arxiv_2009.00814v1.pdf,data\raw\benign_arxiv_pdf\arxiv_2009.00814v1.pdf,7846624,22,1,0,0,0,0.13636363636363635,document,0,0,0,0,0,1,1,0,0,0,836,7.577701980521179,7.796941785722401,0.665556550180052,0.0026486550139270086,256,1,0,21758,1,0,0,21758,21759,0,0,0,0,0.0,0
benign,arxiv_2009.01076v1.pdf,data\raw\benign_arxiv_pdf\arxiv_2009.01076v1.pdf,18804853,22,1,0,0,0,0.13636363636363635,document,0,0,0,0,0,1,1,0,0,0,678,7.971759668196188,7.584093202023955,0.43872382304716767,0.004989137644415513,256,18,0,10858,2,0,0,10858,10860,0,0,0,0,0.0,0
benign,arxiv_2009.01168v1.pdf,data\raw\benign_arxiv_pdf\arxiv_2009.01168v1.pdf,7517943,22,1,0,0,0,0.13636363636363635,document,0,0,0,0,0,1,1,0,0,0,238,7.924402066822706,4.985742327860703,0.38584490465011506,0.012761469460462789,256,4,0,71,0,0,0,71,71,0,0,0,0,0.0,0
benign,arxiv_2009.01215v3.pdf,data\raw\benign_arxiv_pdf\arxiv_2009.01215v3.pdf,959326,22,1,0,0,0,0.13636363636363635,document,0,0,0,0,0,1,1,0,0,0,16,7.962509636037812,7.771219219934197,0.39447695569597824,0.01133816867258888,256,15,0,3,0,0,0,3,3,0,0,0,0,0.0,0
benign,arxiv_2009.11963v1.pdf,data\raw\benign_arxiv_pdf\arxiv_2009.11963v1.pdf,363644,22,1,0,0,0,0.13636363636363635,document,0,0,0,0,0,1,1,0,0,0,3,7.812551275633014,5.267480855036713,0.496238079000341,0.003904917996722069,256,72,0,180,0,0,0,180,180,0,0,0,0,0.0,0
benign,arxiv_2009.12005v2.pdf,data\raw\benign_arxiv_pdf\arxiv_2009.12005v2.pdf,712331,22,1,0,0,0,0.13636363636363635,document,0,0,0,0,0,1,1,0,0,0,7,7.819107721609086,7.762200250456341,0.45461449803532344,0.024746922427916235,256,6,0,9,0,0,0,9,9,0,0,0,0,0.0,0
benign,arxiv_2009.12864v1.pdf,data\raw\benign_arxiv_pdf\arxiv_2009.12864v1.pdf,575355,22,1,0,0,0,0.13636363636363635,document,0,0,0,0,0,1,1,0,0,0,12,7.85292260522631,7.817598602282762,0.46874712134247554,0.004226955531802105,256,43,0,7,0,0,0,7,7,0,0,0,0,0.0,0
benign,arxiv_2009.13028v2.pdf,data\raw\benign_arxiv_pdf\arxiv_2009.13028v2.pdf,1439818,22,1,0,0,0,0.13636363636363635,document,0,0,0,0,0,1,1,0,0,0,18,7.975148032059492,7.715196266984059,0.4080515731849442,0.0037956186129080205,256,3,0,8,0,0,0,8,8,0,0,0,0,0.0,0
benign,arxiv_2010.00684v2.pdf,data\raw\benign_arxiv_pdf\arxiv_2010.00684v2.pdf,863413,22,1,0,0,0,0.13636363636363635,document,0,0,0,0,0,1,1,0,0,0,10,7.987431838371544,7.093441113987212,0.39178237992710324,0.0039146966747083956,256,0,0,0,1,0,0,0,1,0,0,0,0,0.0,0
benign,arxiv_2010.01401v1.pdf,data\raw\benign_arxiv_pdf\arxiv_2010.01401v1.pdf,6046898,22,1,0,0,0,0.13636363636363635,document,0,0,0,0,0,1,1,0,0,0,220,7.822487818505023,7.748531343567832,0.35257002846748864,0.02260464787069337,256,0,0,24,0,0,0,24,24,0,0,0,0,0.0,0
benign,arxiv_2010.01478v1.pdf,data\raw\benign_arxiv_pdf\arxiv_2010.01478v1.pdf,2381256,22,1,0,0,0,0.13636363636363635,document,0,0,0,0,0,1,1,0,0,0,31,7.895652620127423,5.039448348693875,0.37229008556828835,0.03675749268453287,256,11,0,16,0,0,0,16,16,0,0,0,0,0.0,0
benign,arxiv_2010.01480v1.pdf,data\raw\benign_arxiv_pdf\arxiv_2010.01480v1.pdf,1177881,22,1,0,0,0,0.13636363636363635,document,0,0,0,0,0,1,1,0,0,0,18,7.925533865696845,7.714464815802754,0.4319629911680382,0.004305188724497636,256,37,0,23,0,0,0,23,23,0,0,0,0,0.0,0
benign,arxiv_2010.01794v2.pdf,data\raw\benign_arxiv_pdf\arxiv_2010.01794v2.pdf,2674569,22,1,0,0,0,0.13636363636363635,document,0,0,0,0,0,1,1,0,0,0,41,7.971225340508366,7.487950442417138,0.40598765632892625,0.0024531055284047637,256,48,0,9,1,0,0,9,10,0,0,0,0,0.0,0
benign,arxiv_2010.01986v1.pdf,data\raw\benign_arxiv_pdf\arxiv_2010.01986v1.pdf,972088,22,1,0,0,0,0.13636363636363635,document,0,0,0,0,0,1,1,0,0,0,13,7.945780366259894,7.758386923786189,0.4241797038951206,0.003772292220457407,256,2,0,8,0,0,0,8,8,0,0,0,0,0.0,0
benign,arxiv_2010.01999v1.pdf,data\raw\benign_arxiv_pdf\arxiv_2010.01999v1.pdf,2798679,22,1,0,0,0,0.13636363636363635,document,0,0,0,0,0,1,1,0,0,0,49,7.993221037432246,7.76732191188897,0.3820781161397931,0.005639089013066522,256,13,0,10,0,0,0,10,10,0,0,0,0,0.0,0
benign,arxiv_2010.02263v3.pdf,data\raw\benign_arxiv_pdf\arxiv_2010.02263v3.pdf,952325,22,1,0,0,0,0.13636363636363635,document,0,0,0,0,0,1,1,0,0,0,16,7.9677174578060725,4.918710682156258,0.3941921087863912,0.009481007009161789,256,24,0,3,1,0,0,3,4,0,0,0,0,0.0,0
benign,arxiv_2010.02675v1.pdf,data\raw\benign_arxiv_pdf\arxiv_2010.02675v1.pdf,227064,22,1,0,0,0,0.13636363636363635,document,0,0,0,0,0,1,1,0,0,0,7,7.940604241322213,7.771702193739464,0.43064510446393967,0.0031004474509389425,256,7,0,30,0,0,0,30,30,0,0,0,0,0.0,0
benign,arxiv_2010.02804v1.pdf,data\raw\benign_arxiv_pdf\arxiv_2010.02804v1.pdf,362851,22,1,0,0,0,0.13636363636363635,document,0,0,0,0,0,1,1,0,0,0,4,7.6284615056810425,5.039448348693875,0.547095088617642,0.0028496545413957794,256,40,0,5,0,0,0,5,5,0,0,0,0,0.0,0
benign,arxiv_2010.02847v2.pdf,data\raw\benign_arxiv_pdf\arxiv_2010.02847v2.pdf,468936,22,1,0,0,0,0.13636363636363635,document,0,0,0,0,0,1,1,0,0,0,3,7.80289748339141,5.039448348693875,0.4730965419588174,0.013690567582783152,256,53,0,7,0,0,0,7,7,0,0,0,0,0.0,0
benign,arxiv_2010.03053v1.pdf,data\raw\benign_arxiv_pdf\arxiv_2010.03053v1.pdf,2232542,22,1,0,0,0,0.13636363636363635,document,0,0,0,0,0,1,1,0,0,0,36,7.963098564623883,7.724911644072598,0.4170913693896912,0.0034924314973693664,256,16,0,14,0,0,0,14,14,0,0,0,0,0.0,0
benign,arxiv_2010.03266v1.pdf,data\raw\benign_arxiv_pdf\arxiv_2010.03266v1.pdf,365161,22,1,0,0,0,0.13636363636363635,document,0,0,0,0,0,1,1,0,0,0,5,7.848129274182209,7.746154959050531,0.47192060488387316,0.0030424935850214014,256,0,0,8,0,0,0,8,8,0,0,0,0,0.0,0
benign,arxiv_2010.03373v1.pdf,data\raw\benign_arxiv_pdf\arxiv_2010.03373v1.pdf,1509447,22,1,0,0,0,0.13636363636363635,document,0,0,0,0,0,1,1,0,0,0,24,7.9407473080287145,4.392478979235949,0.40097068661569435,0.016581569276695372,256,5,0,20,0,0,0,20,20,0,0,0,0,0.0,0
benign,arxiv_2010.03694v2.pdf,data\raw\benign_arxiv_pdf\arxiv_2010.03694v2.pdf,2395996,22,1,0,0,0,0.13636363636363635,document,0,0,0,0,0,1,1,0,0,0,42,7.982242110389337,7.488451478324025,0.3960979066743016,0.005414449773705799,256,12,0,8,0,0,0,8,8,0,0,0,0,0.0,0
benign,arxiv_2010.03834v1.pdf,data\raw\benign_arxiv_pdf\arxiv_2010.03834v1.pdf,1173327,22,1,0,0,0,0.13636363636363635,document,0,0,0,0,0,1,1,0,0,0,15,7.980973944383227,7.756798581438401,0.3952870768336534,0.006503728287169732,256,2,0,7,1,0,0,7,8,0,0,0,0,0.0,0
benign,arxiv_2010.04348v1.pdf,data\raw\benign_arxiv_pdf\arxiv_2010.04348v1.pdf,631078,22,1,0,0,0,0.13636363636363635,document,0,0,0,0,0,1,1,0,0,0,4,7.745217124135111,5.988701641114204,0.5137368122482482,0.002936245598800782,256,4,0,18,0,0,0,18,18,0,0,0,0,0.0,0
benign,arxiv_2010.04602v1.pdf,data\raw\benign_arxiv_pdf\arxiv_2010.04602v1.pdf,1275788,22,1,0,0,0,0.13636363636363635,document,0,0,0,0,0,1,1,0,0,0,23,7.969241976805877,7.768610623407896,0.3871905050055338,0.012524808196973165,256,0,0,4,0,0,0,4,4,0,0,0,0,0.0,0
benign,arxiv_2010.04736v1.pdf,data\raw\benign_arxiv_pdf\arxiv_2010.04736v1.pdf,4207546,22,1,0,0,0,0.13636363636363635,document,0,0,0,0,0,1,1,0,0,0,52,7.880319832168351,7.774065920078706,0.36121601522597735,0.040633661521466434,256,31,0,7,1,0,0,7,8,0,0,0,0,0.0,0
benign,arxiv_2010.04816v1.pdf,data\raw\benign_arxiv_pdf\arxiv_2010.04816v1.pdf,535988,22,1,0,0,0,0.13636363636363635,document,0,0,0,0,0,1,1,0,0,0,2,7.931414230374738,7.769144673375148,0.4320059404315022,0.006630745464450697,256,17,0,9,0,0,0,9,9,0,0,0,0,0.0,0
benign,arxiv_2010.04826v1.pdf,data\raw\benign_arxiv_pdf\arxiv_2010.04826v1.pdf,254343,22,1,0,0,0,0.13636363636363635,document,0,0,0,0,0,1,1,0,0,0,2,7.823566561938149,7.729401386044692,0.48276933117876253,0.004159737048002108,256,1,0,9,0,0,0,9,9,0,0,0,0,0.0,0
benign,arxiv_2010.04827v1.pdf,data\raw\benign_arxiv_pdf\arxiv_2010.04827v1.pdf,1588493,22,1,0,0,0,0.13636363636363635,document,0,0,0,0,0,1,1,0,0,0,14,7.965361447175577,7.714464815802754,0.3885815046084559,0.015967335077963832,256,31,0,9,1,0,0,9,10,0,0,0,0,0.0,0
benign,arxiv_2010.04836v1.pdf,data\raw\benign_arxiv_pdf\arxiv_2010.04836v1.pdf,969794,22,1,0,0,0,0.13636363636363635,document,0,0,0,0,0,1,1,0,0,0,11,7.9091368723446545,7.714464815802754,0.4383704168101679,0.0035512696510805386,256,30,0,15,0,0,0,15,15,0,0,0,0,0.0,0
benign,arxiv_2010.04849v1.pdf,data\raw\benign_arxiv_pdf\arxiv_2010.04849v1.pdf,2063054,22,1,0,0,0,0.13636363636363635,document,0,0,0,0,0,1,1,0,0,0,27,7.9914066747026204,7.621625607997384,0.3760628660228962,0.004302844229961989,256,2,0,4,0,0,0,4,4,0,0,0,0,0.0,0
benign,arxiv_2010.04862v2.pdf,data\raw\benign_arxiv_pdf\arxiv_2010.04862v2.pdf,1566641,22,1,0,0,0,0.13636363636363635,document,0,0,0,0,0,1,1,0,0,0,16,7.923330509902895,7.7643068401622015,0.3853843988507897,0.03184647918699945,256,23,0,9,0,0,0,9,9,0,0,0,0,0.0,0
benign,arxiv_2010.04914v1.pdf,data\raw\benign_arxiv_pdf\arxiv_2010.04914v1.pdf,878460,22,1,0,0,0,0.13636363636363635,document,0,0,0,0,0,1,1,0,0,0,8,7.94754790309734,7.439392871716683,0.4253056485212759,0.003565330237005669,256,2,0,9,0,0,0,9,9,0,0,0,0,0.0,0
benign,arxiv_2010.04927v1.pdf,data\raw\benign_arxiv_pdf\arxiv_2010.04927v1.pdf,782620,22,1,0,0,0,0.13636363636363635,document,0,0,0,0,0,1,1,0,0,0,13,7.947860379513756,6.563326259640478,0.4075605019038614,0.002775293245764228,256,0,0,22,0,0,0,22,22,0,0,0,0,0.0,0
benign,arxiv_2010.04949v2.pdf,data\raw\benign_arxiv_pdf\arxiv_2010.04949v2.pdf,4318070,22,1,0,0,0,0.13636363636363635,document,0,0,0,0,0,1,1,0,0,0,53,7.9900090536847195,3.60396373035163,0.36808527883985204,0.010002385324925256,256,0,0,5,0,0,0,5,5,0,0,0,0,0.0,0
benign,arxiv_2010.05202v1.pdf,data\raw\benign_arxiv_pdf\arxiv_2010.05202v1.pdf,313844,22,1,0,0,0,0.13636363636363635,document,0,0,0,0,0,1,1,0,0,0,6,7.901111292237652,7.819008900616434,0.42277373472170887,0.013070187736582506,256,0,0,6,0,0,0,6,6,0,0,0,0,0.0,0
benign,arxiv_2010.05738v1.pdf,data\raw\benign_arxiv_pdf\arxiv_2010.05738v1.pdf,389641,22,1,0,0,0,0.13636363636363635,document,0,0,0,0,0,1,1,0,0,0,7,7.800338294369489,7.779959489488548,0.4774189574505763,0.012755331189479547,256,7,0,5,0,0,0,5,5,0,0,0,0,0.0,0
benign,arxiv_2010.05744v1.pdf,data\raw\benign_arxiv_pdf\arxiv_2010.05744v1.pdf,1882153,22,1,0,0,0,0.13636363636363635,document,0,0,0,0,0,1,1,0,0,0,40,7.376724464492871,7.74862757542201,0.33019526042781855,0.15285473603899363,256,1,0,14,0,0,0,14,14,0,0,0,0,0.0,0
benign,arxiv_2010.05772v1.pdf,data\raw\benign_arxiv_pdf\arxiv_2010.05772v1.pdf,1102235,22,1,0,0,0,0.13636363636363635,document,0,0,0,0,0,1,1,0,0,0,12,7.404894898509377,5.039448348693875,0.6166960766079829,0.0021592491619300785,256,64,0,11,0,0,0,11,11,0,0,0,0,0.0,0
benign,arxiv_2010.06040v2.pdf,data\raw\benign_arxiv_pdf\arxiv_2010.06040v2.pdf,698336,22,1,0,0,0,0.13636363636363635,document,0,0,0,0,0,1,1,0,0,0,8,7.849239950254283,7.742479802546523,0.46354763323099485,0.012302100994363744,256,4,0,11,0,0,0,11,11,0,0,0,0,0.0,0
benign,arxiv_2010.06307v1.pdf,data\raw\benign_arxiv_pdf\arxiv_2010.06307v1.pdf,449496,22,1,0,0,0,0.13636363636363635,document,0,0,0,0,0,1,1,0,0,0,5,7.916369962424957,7.771972104836523,0.43280029188246394,0.0063515581896168155,256,1,0,5,0,0,0,5,5,0,0,0,0,0.0,0
benign,arxiv_2010.06684v2.pdf,data\raw\benign_arxiv_pdf\arxiv_2010.06684v2.pdf,10933967,22,1,0,0,0,0.13636363636363635,document,0,0,0,0,0,1,1,0,0,0,143,7.984792540599566,7.713069473022428,0.3748815045810912,0.01038351405304223,256,25,0,15,1,0,0,15,16,0,0,0,0,0.0,0
benign,arxiv_2010.07054v1.pdf,data\raw\benign_arxiv_pdf\arxiv_2010.07054v1.pdf,640020,22,1,0,0,0,0.13636363636363635,document,0,0,0,0,0,1,1,0,0,0,9,7.930390041567404,7.714464815802754,0.4322849285959814,0.0073310209055967,256,4,0,11,0,0,0,11,11,0,0,0,0,0.0,0
benign,arxiv_2010.07095v1.pdf,data\raw\benign_arxiv_pdf\arxiv_2010.07095v1.pdf,309231,22,1,0,0,0,0.13636363636363635,document,0,0,0,0,0,1,1,0,0,0,3,7.7503064609165175,5.039448348693875,0.5113006134572536,0.0029912913000313683,256,26,0,8,0,0,0,8,8,0,0,0,0,0.0,0
benign,arxiv_2010.07213v2.pdf,data\raw\benign_arxiv_pdf\arxiv_2010.07213v2.pdf,1830129,22,1,0,0,0,0.13636363636363635,document,0,0,0,0,0,1,1,0,0,0,22,7.923889679366283,7.714464815802754,0.3695968972678975,0.03238077752988997,256,2,0,7,0,0,0,7,7,0,0,0,0,0.0,0
benign,arxiv_2010.07494v2.pdf,data\raw\benign_arxiv_pdf\arxiv_2010.07494v2.pdf,1208902,22,1,0,0,0,0.13636363636363635,document,0,0,0,0,0,1,1,0,0,0,33,7.911008987907929,7.744860199374333,0.3927324133800755,0.018607794511052177,256,7,0,62,0,0,0,62,62,0,0,0,0,0.0,0
benign,arxiv_2010.07676v1.pdf,data\raw\benign_arxiv_pdf\arxiv_2010.07676v1.pdf,168270,22,1,0,0,0,0.13636363636363635,document,0,0,0,0,0,1,1,0,0,0,2,7.46148407893003,7.753954880141848,0.5965947584239615,0.0024187318000831997,256,9,0,22,0,0,0,22,22,0,0,0,0,0.0,0
benign,arxiv_2010.07722v1.pdf,data\raw\benign_arxiv_pdf\arxiv_2010.07722v1.pdf,343553,22,1,0,0,0,0.13636363636363635,document,0,0,0,0,0,1,1,0,0,0,4,7.8049965359030775,7.772866165798507,0.49267507487927625,0.0030039033278708087,256,15,0,55,0,0,0,55,55,0,0,0,0,0.0,0
benign,arxiv_2010.07935v1.pdf,data\raw\benign_arxiv_pdf\arxiv_2010.07935v1.pdf,1203877,22,1,0,0,0,0.13636363636363635,document,0,0,0,0,0,1,1,0,0,0,21,7.795867136685843,3.357856306993863,0.35824423923706494,0.06869970935568999,256,0,0,0,0,0,0,0,0,0,0,0,0,0.0,0
benign,arxiv_2010.07999v1.pdf,data\raw\benign_arxiv_pdf\arxiv_2010.07999v1.pdf,5366207,22,1,0,0,0,0.13636363636363635,document,0,0,0,0,0,1,1,0,0,0,128,7.988274105588965,7.124451483196622,0.3900742181581888,0.007161296610436385,256,6,0,7,1,0,0,7,8,0,0,0,0,0.0,0
benign,arxiv_2010.08034v1.pdf,data\raw\benign_arxiv_pdf\arxiv_2010.08034v1.pdf,683755,22,1,0,0,0,0.13636363636363635,document,0,0,0,0,0,1,1,0,0,0,3,7.826462005974529,7.76848911435382,0.48155260290601165,0.003210214184905412,256,5,0,14,1,0,0,14,15,0,0,0,0,0.0,0
benign,arxiv_2010.11679v1.pdf,data\raw\benign_arxiv_pdf\arxiv_2010.11679v1.pdf,5008322,22,1,0,0,0,0.13636363636363635,document,0,0,0,0,0,1,1,0,0,0,79,7.994604150194916,7.750197078744466,0.37282726629797364,0.005960479378123052,256,0,0,9,1,0,0,9,10,0,0,0,0,0.0,0
benign,arxiv_2010.11848v1.pdf,data\raw\benign_arxiv_pdf\arxiv_2010.11848v1.pdf,438002,22,1,0,0,0,0.13636363636363635,document,0,0,0,0,0,1,1,0,0,0,10,7.783384855041839,7.73569942922309,0.5026278418820005,0.0029063794229250094,256,9,0,55,0,0,0,55,55,0,0,0,0,0.0,0
benign,arxiv_2010.11863v1.pdf,data\raw\benign_arxiv_pdf\arxiv_2010.11863v1.pdf,622179,22,1,0,0,0,0.13636363636363635,document,0,0,0,0,0,1,1,0,0,0,11,7.80066571633448,7.750617330780039,0.4889428926402209,0.008205034242557207,256,2,0,14,0,0,0,14,14,0,0,0,0,0.0,0
benign,arxiv_2010.11926v1.pdf,data\raw\benign_arxiv_pdf\arxiv_2010.11926v1.pdf,1168996,22,1,0,0,0,0.13636363636363635,document,0,0,0,0,0,1,1,0,0,0,17,7.940071038403005,7.748976650442806,0.418726839099535,0.01156376925156288,256,18,0,7,0,0,0,7,7,0,0,0,0,0.0,0
benign,arxiv_2010.11940v1.pdf,data\raw\benign_arxiv_pdf\arxiv_2010.11940v1.pdf,3184883,22,1,0,0,0,0.13636363636363635,document,0,0,0,0,0,1,1,0,0,0,86,7.851763810935376,7.149431923722024,0.403484209624027,0.013980105391626632,256,15,0,10,1,0,0,10,11,0,0,0,0,0.0,0
benign,arxiv_2010.12214v2.pdf,data\raw\benign_arxiv_pdf\arxiv_2010.12214v2.pdf,605232,22,1,0,0,0,0.13636363636363635,document,0,0,0,0,0,1,1,0,0,0,7,7.831056033134472,7.729119196500356,0.4787172522272451,0.010288616596610886,256,7,0,41,0,0,0,41,41,0,0,0,0,0.0,0
benign,arxiv_2010.12290v1.pdf,data\raw\benign_arxiv_pdf\arxiv_2010.12290v1.pdf,1813339,22,1,0,0,0,0.13636363636363635,document,0,0,0,0,0,1,1,0,0,0,21,7.803644398867401,7.78224871768864,0.44284824845216475,0.009496293853493473,256,48,0,14,0,0,0,14,14,0,0,0,0,0.0,0
benign,arxiv_2010.12327v1.pdf,data\raw\benign_arxiv_pdf\arxiv_2010.12327v1.pdf,799462,22,1,0,0,0,0.13636363636363635,document,0,0,0,0,0,1,1,0,0,0,13,7.962482200177649,7.7746773618385525,0.37970410100792784,0.01786826640916016,256,2,0,4,0,0,0,4,4,0,0,0,0,0.0,0
benign,arxiv_2010.12678v1.pdf,data\raw\benign_arxiv_pdf\arxiv_2010.12678v1.pdf,596157,22,1,0,0,0,0.13636363636363635,document,0,0,0,0,0,1,1,0,0,0,8,7.945188374064809,7.714464815802754,0.4223048626452428,0.004785652101711462,256,26,0,8,0,0,0,8,8,0,0,0,0,0.0,0
benign,arxiv_2010.12828v1.pdf,data\raw\benign_arxiv_pdf\arxiv_2010.12828v1.pdf,823899,22,1,0,0,0,0.13636363636363635,document,0,0,0,0,0,1,1,0,0,0,8,7.870314034493958,7.768944439868989,0.46759129456401816,0.002972451720417187,256,2,1,16,0,0,0,16,16,0,0,0,0,0.0,0
benign,arxiv_2010.12871v1.pdf,data\raw\benign_arxiv_pdf\arxiv_2010.12871v1.pdf,375495,22,1,0,0,0,0.13636363636363635,document,0,0,0,0,0,1,1,0,0,0,5,7.97180279859848,7.804006008044082,0.40089481883913236,0.00986164928960439,256,0,0,8,0,0,0,8,8,0,0,0,0,0.0,0
benign,arxiv_2010.13346v1.pdf,data\raw\benign_arxiv_pdf\arxiv_2010.13346v1.pdf,3027820,22,1,0,0,0,0.13636363636363635,document,0,0,0,0,0,1,1,0,0,0,48,7.984133034961493,5.993629490695025,0.37191807967448526,0.013357134836284852,256,0,0,10,1,0,0,10,11,0,0,0,0,0.0,0
benign,arxiv_2010.13920v1.pdf,data\raw\benign_arxiv_pdf\arxiv_2010.13920v1.pdf,1120735,22,1,0,0,0,0.13636363636363635,document,0,0,0,0,0,1,1,0,0,0,17,7.908957412141737,7.749280793731743,0.41700312741192164,0.021811579008418583,256,26,0,7,0,0,0,7,7,0,0,0,0,0.0,0
benign,arxiv_2010.14049v1.pdf,data\raw\benign_arxiv_pdf\arxiv_2010.14049v1.pdf,533704,22,1,0,0,0,0.13636363636363635,document,0,0,0,0,0,1,1,0,0,0,14,7.958091395124658,3.347126551117628,0.37770749329216197,0.009911861256426784,256,5,0,5,0,0,0,5,5,0,0,0,0,0.0,0
benign,arxiv_2010.14230v1.pdf,data\raw\benign_arxiv_pdf\arxiv_2010.14230v1.pdf,1306685,22,1,0,0,0,0.13636363636363635,document,0,0,0,0,0,1,1,0,0,0,11,7.945359660972745,7.805394334255521,0.4263827930985662,0.006081037128305598,256,3,0,10,7,0,0,10,17,0,0,0,0,0.0,0
benign,arxiv_2010.14252v1.pdf,data\raw\benign_arxiv_pdf\arxiv_2010.14252v1.pdf,1031081,22,1,0,0,0,0.13636363636363635,document,0,0,0,0,0,1,1,0,0,0,23,7.704393529090438,7.785969067453057,0.4480569421801003,0.013510092805511886,256,33,0,11,2,0,0,11,13,0,0,0,0,0.0,0
benign,arxiv_2010.14258v1.pdf,data\raw\benign_arxiv_pdf\arxiv_2010.14258v1.pdf,930259,22,1,0,0,0,0.13636363636363635,document,0,0,0,0,0,1,1,0,0,0,11,7.589935726699316,7.738500403730073,0.5664433238485196,0.003088387212593482,256,0,0,14,0,0,0,14,14,0,0,0,0,0.0,0
benign,arxiv_2010.14322v1.pdf,data\raw\benign_arxiv_pdf\arxiv_2010.14322v1.pdf,1003543,22,1,0,0,0,0.13636363636363635,document,0,0,0,0,0,1,1,0,0,0,9,7.807694740367917,5.039448348693875,0.487422063628564,0.005085980371543621,256,4,0,10,0,0,0,10,10,0,0,0,0,0.0,0
benign,arxiv_2010.15054v1.pdf,data\raw\benign_arxiv_pdf\arxiv_2010.15054v1.pdf,19233268,22,1,0,0,0,0.13636363636363635,document,0,0,0,0,0,1,1,0,0,0,318,7.998306842962909,7.803628327286267,0.37222992993182435,0.004182804503114083,256,0,0,25,0,0,0,25,25,0,0,0,0,0.0,0
benign,arxiv_2010.15082v1.pdf,data\raw\benign_arxiv_pdf\arxiv_2010.15082v1.pdf,408820,22,1,0,0,0,0.13636363636363635,document,0,0,0,0,0,1,1,0,0,0,5,7.864187453667144,7.784685809177894,0.45628393914192067,0.008108703096717382,256,7,0,6,0,0,0,6,6,0,0,0,0,0.0,0
benign,arxiv_2010.15187v1.pdf,data\raw\benign_arxiv_pdf\arxiv_2010.15187v1.pdf,494967,22,1,0,0,0,0.13636363636363635,document,0,0,0,0,0,1,1,0,0,0,1,7.57543393676727,7.750813719632505,0.5723189626783199,0.0025860309879244476,256,17,0,6,0,0,0,6,6,0,0,0,0,0.0,0
benign,arxiv_2010.15578v1.pdf,data\raw\benign_arxiv_pdf\arxiv_2010.15578v1.pdf,153446,22,1,0,0,0,0.13636363636363635,document,0,0,0,0,0,1,1,0,0,0,3,7.869719561796592,6.772253521284226,0.4824303012134562,0.010994095642766837,256,8,0,6,0,0,0,6,6,0,0,0,0,0.0,0
benign,arxiv_2010.15597v1.pdf,data\raw\benign_arxiv_pdf\arxiv_2010.15597v1.pdf,7496260,22,1,0,0,0,0.13636363636363635,document,0,0,0,0,0,1,1,0,0,0,169,7.988640519495448,7.765199241526229,0.37266823722763087,0.004497309324916692,256,0,0,19,2,0,0,19,21,0,0,0,0,0.0,0
benign,arxiv_2010.15599v1.pdf,data\raw\benign_arxiv_pdf\arxiv_2010.15599v1.pdf,765753,22,1,0,0,0,0.13636363636363635,document,0,0,0,0,0,1,1,0,0,0,4,7.930346675727696,6.637378801446743,0.42350993074790433,0.004287283236239362,256,25,0,9,0,0,0,9,9,0,0,0,0,0.0,0
benign,arxiv_2010.15896v2.pdf,data\raw\benign_arxiv_pdf\arxiv_2010.15896v2.pdf,3218305,22,1,0,0,0,0.13636363636363635,document,0,0,0,0,0,1,1,0,0,0,37,7.935192612284304,7.74951740670368,0.37601097472116535,0.02572347866345794,256,3,0,7,0,0,0,7,7,0,0,0,0,0.0,0
benign,arxiv_2010.15999v1.pdf,data\raw\benign_arxiv_pdf\arxiv_2010.15999v1.pdf,2291449,22,1,0,0,0,0.13636363636363635,document,0,0,0,0,0,1,1,0,0,0,75,7.884954080608013,5.039448348693875,0.37965104176440323,0.032828136257887476,256,2,0,7,0,0,0,7,7,0,0,0,0,0.0,0
benign,arxiv_2010.16052v2.pdf,data\raw\benign_arxiv_pdf\arxiv_2010.16052v2.pdf,981835,22,1,0,0,0,0.13636363636363635,document,0,0,0,0,0,1,1,0,0,0,15,7.907750536191698,7.72825181370242,0.43787092535914895,0.012583580744218734,256,18,0,12,0,0,0,12,12,0,0,0,0,0.0,0
benign,arxiv_2010.16357v1.pdf,data\raw\benign_arxiv_pdf\arxiv_2010.16357v1.pdf,340567,22,1,0,0,0,0.13636363636363635,document,0,0,0,0,0,1,1,0,0,0,2,7.878276669947158,7.785720937925756,0.43791383193321726,0.023319934109881462,256,0,0,6,0,0,0,6,6,0,0,0,0,0.0,0
benign,arxiv_2011.00160v1.pdf,data\raw\benign_arxiv_pdf\arxiv_2011.00160v1.pdf,4216287,22,1,0,0,0,0.13636363636363635,document,0,0,0,0,0,1,1,0,0,0,82,7.95175622784016,5.039448348693875,0.37081204386703276,0.009857962705100483,256,2,0,9,0,0,0,9,9,0,0,0,0,0.0,0
benign,arxiv_2011.00164v1.pdf,data\raw\benign_arxiv_pdf\arxiv_2011.00164v1.pdf,441265,22,1,0,0,0,0.13636363636363635,document,0,0,0,0,0,1,1,0,0,0,4,7.777991571449447,7.761854186410866,0.5025460890847904,0.0034061165059544717,256,0,0,10,0,0,0,10,10,0,0,0,0,0.0,0
benign,arxiv_2011.00368v2.pdf,data\raw\benign_arxiv_pdf\arxiv_2011.00368v2.pdf,1832732,22,1,0,0,0,0.13636363636363635,document,0,0,0,0,0,1,1,0,0,0,39,7.9637298748665915,7.789210851035647,0.38634726735823893,0.018075747026842986,256,0,0,7,0,0,0,7,7,0,0,0,0,0.0,0
benign,arxiv_2011.00551v1.pdf,data\raw\benign_arxiv_pdf\arxiv_2011.00551v1.pdf,6214025,22,1,0,0,0,0.13636363636363635,document,0,0,0,0,0,1,1,0,0,0,80,7.863075928000194,7.7449434197673055,0.460712340230366,0.0038826686406958455,256,5,0,8,0,0,0,8,8,0,0,0,0,0.0,0
benign,arxiv_2011.00780v1.pdf,data\raw\benign_arxiv_pdf\arxiv_2011.00780v1.pdf,990109,22,1,0,0,0,0.13636363636363635,document,0,0,0,0,0,1,1,0,0,0,13,7.956969096834531,7.766193389961002,0.41850543728013784,0.0028562511804255896,256,4,0,25,1,0,0,25,26,0,0,0,0,0.0,0
benign,arxiv_2011.00825v1.pdf,data\raw\benign_arxiv_pdf\arxiv_2011.00825v1.pdf,1546563,22,1,0,0,0,0.13636363636363635,document,0,0,0,0,0,1,1,0,0,0,13,7.834906230508298,7.767701572333872,0.4742897638182214,0.00372374096625873,256,28,0,9,0,0,0,9,9,0,0,0,0,0.0,0
benign,arxiv_2011.00866v1.pdf,data\raw\benign_arxiv_pdf\arxiv_2011.00866v1.pdf,151070,22,1,0,0,0,0.13636363636363635,document,0,0,0,0,0,1,1,0,0,0,1,7.8412576413839465,7.788724828813273,0.4627258886608857,0.010101277553452042,256,0,0,3,0,0,0,3,3,0,0,0,0,0.0,0
benign,arxiv_2011.01043v1.pdf,data\raw\benign_arxiv_pdf\arxiv_2011.01043v1.pdf,6126125,22,1,0,0,0,0.13636363636363635,document,0,0,0,0,0,1,1,0,0,0,65,7.988842447538181,5.039448348693875,0.36565806280479096,0.0056636128058111775,256,2,0,5,0,0,0,5,5,0,0,0,0,0.0,0
benign,arxiv_2011.01102v1.pdf,data\raw\benign_arxiv_pdf\arxiv_2011.01102v1.pdf,558846,22,1,0,0,0,0.13636363636363635,document,0,0,0,0,0,1,1,0,0,0,5,7.893728716834384,7.8029786618026025,0.4379256539368627,0.016163665839963065,256,2,0,10,0,0,0,10,10,0,0,0,0,0.0,0
benign,arxiv_2011.01251v1.pdf,data\raw\benign_arxiv_pdf\arxiv_2011.01251v1.pdf,256148,22,1,0,0,0,0.13636363636363635,document,0,0,0,0,0,1,1,0,0,0,4,7.983887206603192,7.711188476577055,0.3985157018598623,0.003060730515170917,256,0,0,0,0,0,0,0,0,0,0,0,0,0.0,0
benign,arxiv_2011.01297v1.pdf,data\raw\benign_arxiv_pdf\arxiv_2011.01297v1.pdf,1742888,22,1,0,0,0,0.13636363636363635,document,0,0,0,0,0,1,1,0,0,0,23,7.929842279173037,7.714464815802754,0.3800192553967897,0.03102436874888117,256,4,0,12,0,0,0,12,12,0,0,0,0,0.0,0
benign,arxiv_2011.01381v1.pdf,data\raw\benign_arxiv_pdf\arxiv_2011.01381v1.pdf,310025,22,1,0,0,0,0.13636363636363635,document,0,0,0,0,0,1,1,0,0,0,4,7.713343670792219,7.764771327189038,0.5210192726393033,0.003331989355697121,256,20,0,10,0,0,0,10,10,0,0,0,0,0.0,0
benign,arxiv_2011.01477v1.pdf,data\raw\benign_arxiv_pdf\arxiv_2011.01477v1.pdf,1470176,22,1,0,0,0,0.13636363636363635,document,0,0,0,0,0,1,1,0,0,0,20,7.972967348162412,5.721423447585409,0.40633910497790743,0.007862323966654332,256,1,0,10,0,0,0,10,10,0,0,0,0,0.0,0
benign,arxiv_2011.01607v1.pdf,data\raw\benign_arxiv_pdf\arxiv_2011.01607v1.pdf,252685,22,1,0,0,0,0.13636363636363635,document,0,0,0,0,0,1,1,0,0,0,2,7.908118602643364,7.7260303276346445,0.4513326869422403,0.0028454399746720223,256,8,0,28,0,0,0,28,28,0,0,0,0,0.0,0
benign,arxiv_2011.01754v1.pdf,data\raw\benign_arxiv_pdf\arxiv_2011.01754v1.pdf,1354479,22,1,0,0,0,0.13636363636363635,document,0,0,0,0,0,1,1,0,0,0,17,7.888942022814547,7.7246602120126004,0.45596941702307675,0.003023302686863362,256,8,0,17,0,0,0,17,17,0,0,0,0,0.0,0
benign,arxiv_2011.01840v1.pdf,data\raw\benign_arxiv_pdf\arxiv_2011.01840v1.pdf,279807,22,1,0,0,0,0.13636363636363635,document,0,0,0,0,0,1,1,0,0,0,7,7.795124306889385,7.724454225256104,0.48819007387234775,0.010035488747601025,256,7,0,67,0,0,0,67,67,0,0,0,0,0.0,0
benign,arxiv_2012.11903v1.pdf,data\raw\benign_arxiv_pdf\arxiv_2012.11903v1.pdf,728372,22,1,0,0,0,0.13636363636363635,document,0,0,0,0,0,1,1,0,0,0,7,7.808308799301833,5.039448348693875,0.46176541657285014,0.021431356504643232,256,23,0,3,0,0,0,3,3,0,0,0,0,0.0,0
benign,arxiv_2012.12104v1.pdf,data\raw\benign_arxiv_pdf\arxiv_2012.12104v1.pdf,910612,22,1,0,0,0,0.13636363636363635,document,0,0,0,0,0,1,1,0,0,0,14,7.98604262261339,6.868583232042152,0.37706729100868425,0.012835323935990302,256,6,0,1,0,0,0,1,1,0,0,0,0,0.0,0
benign,arxiv_2012.12447v1.pdf,data\raw\benign_arxiv_pdf\arxiv_2012.12447v1.pdf,273435,22,1,0,0,0,0.13636363636363635,document,0,0,0,0,0,1,1,0,0,0,2,7.5555659039168885,7.763468093820122,0.5591347120887963,0.008426134181798233,256,1,2,3,0,0,0,3,3,0,0,0,0,0.0,0
benign,arxiv_2012.12634v1.pdf,data\raw\benign_arxiv_pdf\arxiv_2012.12634v1.pdf,615285,22,1,0,0,0,0.13636363636363635,document,0,0,0,0,0,1,1,0,0,0,8,7.95361794567926,6.837601962777484,0.4000585094712207,0.005221970306443355,256,0,0,15,0,0,0,15,15,0,0,0,0,0.0,0
benign,arxiv_2012.12718v1.pdf,data\raw\benign_arxiv_pdf\arxiv_2012.12718v1.pdf,150935,22,1,0,0,0,0.13636363636363635,document,0,0,0,0,0,1,1,0,0,0,2,7.764988307030918,7.778181254821271,0.5113326928810416,0.00278928015370855,256,9,0,22,0,0,0,22,22,0,0,0,0,0.0,0
benign,arxiv_2012.13026v1.pdf,data\raw\benign_arxiv_pdf\arxiv_2012.13026v1.pdf,1539450,22,1,0,0,0,0.13636363636363635,document,0,0,0,0,0,1,1,0,0,0,17,7.680681340970664,7.764816027219013,0.3654649387768359,0.07321186137906395,256,3,0,19,0,0,0,19,19,0,0,0,0,0.0,0
benign,arxiv_2012.13293v1.pdf,data\raw\benign_arxiv_pdf\arxiv_2012.13293v1.pdf,682516,22,1,0,0,0,0.13636363636363635,document,0,0,0,0,0,1,1,0,0,0,36,7.85734173189411,5.039448348693875,0.4404263050243511,0.008757303858078052,256,18,0,6,0,0,0,6,6,0,0,0,0,0.0,0
benign,arxiv_2012.13315v1.pdf,data\raw\benign_arxiv_pdf\arxiv_2012.13315v1.pdf,928885,22,1,0,0,0,0.13636363636363635,document,0,0,0,0,0,1,1,0,0,0,7,7.873830901569774,5.039448348693875,0.4224215053531923,0.02951387954375407,256,0,0,12,0,0,0,12,12,0,0,0,0,0.0,0
benign,arxiv_2012.13391v2.pdf,data\raw\benign_arxiv_pdf\arxiv_2012.13391v2.pdf,9326917,22,1,0,0,0,0.13636363636363635,document,0,0,0,0,0,1,1,0,0,0,124,7.995923467820795,7.630500323381182,0.38066136966802644,0.005640020169580152,256,73,0,7,0,0,0,7,7,0,0,0,0,0.0,0
benign,arxiv_2012.13569v1.pdf,data\raw\benign_arxiv_pdf\arxiv_2012.13569v1.pdf,538965,22,1,0,0,0,0.13636363636363635,document,0,0,0,0,0,1,1,0,0,0,7,7.935850375002974,7.7808052117344,0.43188147653372666,0.0059057638251092375,256,2,0,15,0,0,0,15,15,0,0,0,0,0.0,0
benign,arxiv_2012.13666v1.pdf,data\raw\benign_arxiv_pdf\arxiv_2012.13666v1.pdf,3822773,22,1,0,0,0,0.13636363636363635,document,0,0,0,0,0,1,1,0,0,0,147,7.976971010913138,7.806331979957818,0.3810636938159812,0.012424488715390635,256,2,0,99,1,0,0,99,100,0,0,0,0,0.0,0
benign,arxiv_2012.13677v1.pdf,data\raw\benign_arxiv_pdf\arxiv_2012.13677v1.pdf,408144,22,1,0,0,0,0.13636363636363635,document,0,0,0,0,0,1,1,0,0,0,9,7.972007343236261,6.694225689442173,0.4025368497393077,0.004878180250107805,256,7,0,20,0,0,0,20,20,0,0,0,0,0.0,0
benign,arxiv_2012.13779v1.pdf,data\raw\benign_arxiv_pdf\arxiv_2012.13779v1.pdf,5989278,22,1,0,0,0,0.13636363636363635,document,0,0,0,0,0,1,1,0,0,0,95,7.788196816175601,7.786184897307519,0.36006326639037295,0.05741910794589932,256,3,0,44,0,0,0,44,44,0,0,0,0,0.0,0
benign,arxiv_2012.14005v1.pdf,data\raw\benign_arxiv_pdf\arxiv_2012.14005v1.pdf,279890,22,1,0,0,0,0.13636363636363635,document,0,0,0,0,0,1,1,0,0,0,7,7.840742788956486,7.769368180685541,0.4783379184679696,0.0036835899817785557,256,22,0,8,0,0,0,8,8,0,0,0,0,0.0,0
